0.0,50,119.98011800039,0,0.04980141,0,0.09974292,0,0.0,0,0.0,0,0.0,0,0.0,0,0.0,0,0.0,0,0.09819639,0,0.0,0,0.056143552,0,0.046036035,0,0.027827047,0,0.04021217,0,0,0,0,0,0,0,0,0,0,0,0,0,0,0,0,0,0,0,0,0
0.5,50,119.98011800039,0,0.17166984,0,0.32879588,0,0.18081665,0,0.18883824,0,0.057848096,0,0.04358861,0,0.08042255,0,0.02362056,0,0.20989913,0,0.0019235313,0,0.12321642,0,0.072330445,0,0.038003247,0,0.05716501,0,0,0,0,0,0,0,0,0,0,0,0,0,0,0,0,0,0,0,0,0
1.0,50,119.98011800039,0,0.3207379,0,0.5893866,0,0.39723387,0,0.6207397,0,0.18707025,0,0.18226656,0,0.23419711,0,0.06220813,0,0.32160148,0,0.031087458,0,0.19028863,0,0.098624945,0,0.04817891,0,0.07411787,0,0,0,0,0,0,0,0,0,0,0,0,0,0,0,0,0,0,0,0,0
1.5,50,119.98011800039,0,0.47272378,0,0.8464831,0,0.6136514,0,1.0600246,0,0.31629255,0,0.3209444,0,0.38797137,0,0.10079555,0,0.4339438,0,0.060251057,0,0.2573611,0,0.124919325,0,0.05835212,0,0.091071084,0,0,0,0,0,0,0,0,0,0,0,0,0,0,0,0,0,0,0,0,0
2.0,50,119.98011800039,0,0.62402,0,1.3291091,0,0.8300686,0,1.5681677,0,0.4156874,0,0.45962238,0,0.5417459,0,0.14358865,0,0.54856986,0,0.089407355,0,0.32443365,0,0.15121385,0,0.060473226,0,0.10802617,0,0,0,0,0,0,0,0,0,0,0,0,0,0,0,0,0,0,0,0,0
2.5,50,119.98011800039,0,0.76720154,0,2.0673492,0,1.0460643,0,2.1243584,0,0.5015576,0,0.59830034,0,0.6955202,0,0.19900559,0,0.66478175,0,0.1183165,0,0.39150578,0,0.17742231,0,0.060363375,0,0.12498138,0,0,0,0,0,0,0,0,0,0,0,0,0,0,0,0,0,0,0,0,0
3.0,50,119.98011800039,0,0.8868278,0,2.0864527,0,1.2877278,0,2.1189196,0,0.589395,0,0.75400865,0,0.82001066,0,0.25575092,0,0.76816046,0,0.14720236,0,0.4585782,0,0.20166394,0,0.060253523,0,0.14193669,0,0,0,0,0,0,0,0,0,0,0,0,0,0,0,0,0,0,0,0,0
3.5,50,119.98011800039,0,0.96774185,0,2.2918084,0,1.7421165,0,2.0406997,0,0.88223386,0,0.97185373,0,0.89544463,0,0.31249627,0,0.83970153,0,0.23766622,0,0.524734,0,0.24135566,0,0.060143676,0,0.17928372,0,0,0,0,0,0,0,0,0,0,0,0,0,0,0,0,0,0,0,0,0
4.0,50,119.98011800039,0,1.0704283,0,2.7160525,0,2.1608176,0,2.2093134,0,1.2416761,0,1.1896987,0,0.9743862,0,0.377666,0,0.90848327,0,0.45165828,0,0.9160969,0,0.69335735,0,0.060033824,0,0.20141137,0,0,0,0,0,0,0,0,0,0,0,0,0,0,0,0,0,0,0,0,0
4.5,50,119.98011800039,0,1.1686879,0,2.9227953,0,2.065079,0,2.292283,0,1.1740344,0,1.6787107,0,1.0228183,0,0.41928583,0,0.9732319,0,0.43846247,0,1.0581014,0,0.7935631,0,0.059923977,0,0.18482296,0,0,0,0,0,0,0,0,0,0,0,0,0,0,0,0,0,0,0,0,0
5.0,50,119.98011800039,0,1.2288281,0,4.453085,0,1.7837756,0,1.3412657,0,0.84287596,0,1.4858104,0,0.73279953,0,0.40368408,0,0.68564355,0,0.31115603,0,0.83543754,0,0.4953131,0,0.059814125,0,0.15142065,0,0,0,0,0,0,0,0,0,0,0,0,0,0,0,0,0,0,0,0,0
5.5,50,119.98011800039,0,1.2848536,0,6.3794394,0,1.7298834,0,0.80259204,0,0.5245619,0,0.32660097,0,0.60599947,0,0.39485085,0,0.39585096,0,0.18466221,0,0.4604808,0,0.15181395,0,0.0597042,0,0.06648285,0,0,0,0,0,0,0,0,0,0,0,0,0,0,0,0,0,0,0,0,0
6.0,50,119.98011800039,0,1.6463101,0,6.640552,0,1.6974869,0,0.97969735,0,0.4939067,0,0.6293206,0,0.6259819,0,0.51176834,0,0.49534312,0,0.24264194,0,0.464968,0,0.17256272,0,0.059681267,0,0.061929017,0,0,0,0,0,0,0,0,0,0,0,0,0,0,0,0,0,0,0,0,0
6.5,50,119.98011800039,0,1.6080303,0,6.715856,0,2.083771,0,0.968495,0,1.4731842,0,0.76321244,0,0.790535,0,0.647664,0,0.49549395,0,0.2541295,0,0.56233907,0,0.32401353,0,0.05989614,0,0.067834556,0,0,0,0,0,0,0,0,0,0,0,0,0,0,0,0,0,0,0,0,0
7.0,50,119.98011800039,0,1.5965959,0,6.586232,0,2.0737927,0,0.73437357,0,3.1639242,0,1.88184,0,1.127727,0,0.9879931,0,0.7200202,0,0.4430559,0,0.94514835,0,0.5973437,0,0.06016924,0,0.18260892,0,0,0,0,0,0,0,0,0,0,0,0,0,0,0,0,0,0,0,0,0
7.5,50,119.98011800039,0,1.5924604,0,6.468429,0,2.1962066,0,0.7185297,0,3.9587874,0,2.4166408,0,1.264205,0,1.1413883,0,0.81065273,0,0.5364269,0,1.0640895,0,0.70336986,0,0.11480074,0,0.20530698,0,0,0,0,0,0,0,0,0,0,0,0,0,0,0,0,0,0,0,0,0
8.0,50,119.98011800039,0,1.590448,0,6.5080643,0,2.2560782,0,0.7675774,0,4.6191854,0,2.879584,0,1.3601336,0,1.268554,0,0.8576095,0,0.604776,0,1.1302843,0,0.77473164,0,0.11985749,0,0.23136574,0,0,0,0,0,0,0,0,0,0,0,0,0,0,0,0,0,0,0,0,0
8.5,50,119.98011800039,0,1.590448,0,6.543012,0,2.31595,0,0.884879,0,5.2796044,0,3.3425272,0,1.4560623,0,1.3957194,0,0.8743254,0,0.67412424,0,1.2055272,0,0.8376808,0,0.12047759,0,0.24404438,0,0,0,0,0,0,0,0,0,0,0,0,0,0,0,0,0,0,0,0,0
9.0,50,119.98011800039,0,1.590448,0,6.4262776,0,2.375854,0,1.0317041,0,5.940137,0,3.8054707,0,1.551991,0,1.4947698,0,0.8802146,0,0.7306663,0,1.28077,0,0.89903355,0,0.12104432,0,0.25118262,0,0,0,0,0,0,0,0,0,0,0,0,0,0,0,0,0,0,0,0,0
9.5,50,119.98011800039,0,1.590448,0,6.3123446,0,2.4358275,0,1.1740556,0,6.6006694,0,4.2684135,0,1.646984,0,1.5744517,0,0.88078725,0,0.782652,0,1.3560128,0,0.9556017,0,0.12161107,0,0.25831854,0,0,0,0,0,0,0,0,0,0,0,0,0,0,0,0,0,0,0,0,0
10.0,50,119.98011800039,0,1.590448,0,6.221624,0,2.4967868,0,1.2848477,0,7.261413,0,4.713459,0,1.712053,0,1.6301299,0,0.86850286,0,0.8346379,0,1.4312613,0,1.0121696,0,0.122177824,0,0.2654545,0,0,0,0,0,0,0,0,0,0,0,0,0,0,0,0,0,0,0,0,0
10.5,50,119.98011800039,0,1.590448,0,6.1528273,0,2.558199,0,1.39564,0,7.922358,0,5.145743,0,1.7708626,0,1.6858083,0,0.86281824,0,0.88662374,0,1.5065138,0,1.0687377,0,0.122744575,0,0.27259043,0,0,0,0,0,0,0,0,0,0,0,0,0,0,0,0,0,0,0,0,0
11.0,50,119.98011800039,0,1.590448,0,6.084372,0,2.6196108,0,1.4979309,0,8.583302,0,5.577359,0,1.8302121,0,1.7414865,0,0.85686994,0,0.9386096,0,1.5817665,0,1.125545,0,0.123311326,0,0.2797264,0,0,0,0,0,0,0,0,0,0,0,0,0,0,0,0,0,0,0,0,0
11.5,50,119.98011800039,0,1.590448,0,6.0212893,0,2.681023,0,1.5838546,0,9.18099,0,6.008976,0,1.8895617,0,1.7971648,0,0.85089767,0,0.99059546,0,1.657019,0,1.1823764,0,0.12387808,0,0.2868623,0,0,0,0,0,0,0,0,0,0,0,0,0,0,0,0,0,0,0,0,0
12.0,50,119.98011800039,0,1.590448,0,5.959329,0,2.742435,0,1.6656315,0,9.776228,0,6.440593,0,1.9490161,0,1.8528433,0,0.8448472,0,1.0425571,0,1.7322717,0,1.2392079,0,0.12444483,0,0.29393739,0,0,0,0,0,0,0,0,0,0,0,0,0,0,0,0,0,0,0,0,0
12.5,50,119.98011800039,0,1.5898364,0,5.897381,0,2.804241,0,1.7495334,0,10.374364,0,6.8662915,0,2.0077064,0,1.9061619,0,0.8377851,0,1.0941917,0,1.8069667,0,1.2967355,0,0.12502779,0,0.30088845,0,0,0,0,0,0,0,0,0,0,0,0,0,0,0,0,0,0,0,0,0
13.0,50,119.98011800039,0,1.5873111,0,5.835293,0,2.8655922,0,1.8009523,0,10.972521,0,7.2695503,0,2.0659914,0,1.958297,0,0.8295473,0,1.1455467,0,1.882929,0,1.3535221,0,0.12560135,0,0.3064332,0,0,0,0,0,0,0,0,0,0,0,0,0,0,0,0,0,0,0,0,0
13.5,50,119.98011800039,0,1.5845445,0,5.7726173,0,2.9263208,0,1.809799,0,11.570456,0,7.6727853,0,2.1220994,0,2.0097907,0,0.8207917,0,1.1968584,0,1.9580915,0,1.4105666,0,0.1261787,0,0.3118334,0,0,0,0,0,0,0,0,0,0,0,0,0,0,0,0,0,0,0,0,0
14.0,50,119.98011800039,0,1.5814314,0,5.7053146,0,2.9869664,0,1.8182418,0,12.168368,0,8.075965,0,2.1773663,0,2.0616546,0,0.81124544,0,1.2480431,0,2.0335937,0,1.4675075,0,0.12675855,0,0.3173807,0,0,0,0,0,0,0,0,0,0,0,0,0,0,0,0,0,0,0,0,0
14.5,50,119.98011800039,0,1.5780686,0,5.6465287,0,3.0470185,0,1.8340676,0,12.766255,0,8.479433,0,2.2319841,0,2.113454,0,0.8012215,0,1.2984402,0,2.1091712,0,1.5243969,0,0.12732024,0,0.32296485,0,0,0,0,0,0,0,0,0,0,0,0,0,0,0,0,0,0,0,0,0
15.0,50,119.98011800039,0,1.5744992,0,5.600831,0,3.1070273,0,1.8531498,0,13.364133,0,8.886691,0,2.286635,0,2.1651835,0,0.7899039,0,1.3487415,0,2.1847124,0,1.5811509,0,0.12786469,0,0.32871783,0,0,0,0,0,0,0,0,0,0,0,0,0,0,0,0,0,0,0,0,0
15.5,50,119.98011800039,0,1.5710927,0,5.5730653,0,3.1671588,0,1.8728092,0,13.962015,0,9.289499,0,2.3412857,0,2.216913,0,0.7785864,0,1.398835,0,2.2599103,0,1.6376191,0,0.12808424,0,0.3345195,0,0,0,0,0,0,0,0,0,0,0,0,0,0,0,0,0,0,0,0,0
16.0,50,119.98011800039,0,1.5677894,0,5.5619574,0,3.2272928,0,1.8927727,0,14.559877,0,9.681218,0,2.3954496,0,2.2685666,0,0.76737857,0,1.4489374,0,2.3347287,0,1.694538,0,0.12819405,0,0.34032118,0,0,0,0,0,0,0,0,0,0,0,0,0,0,0,0,0,0,0,0,0
16.5,50,119.98011800039,0,1.564544,0,5.559355,0,3.287423,0,1.912347,0,15.130632,0,10.0698185,0,2.4487085,0,2.3199484,0,0.7561879,0,1.4990401,0,2.409548,0,1.7515115,0,0.12825799,0,0.34612286,0,0,0,0,0,0,0,0,0,0,0,0,0,0,0,0,0,0,0,0,0
17.0,50,119.98011800039,0,1.5614759,0,5.5567575,0,3.3473868,0,1.93151,0,15.700582,0,10.4585,0,2.501944,0,2.3712976,0,0.7441951,0,1.5490258,0,2.484705,0,1.8084852,0,0.12838227,0,0.35188675,0,0,0,0,0,0,0,0,0,0,0,0,0,0,0,0,0,0,0,0,0
17.5,50,119.98011800039,0,1.5585163,0,5.5542774,0,3.4072678,0,1.950673,0,16.270565,0,10.847181,0,2.5551796,0,2.422493,0,0.7296545,0,1.5990056,0,2.5569654,0,1.8654586,0,0.12858887,0,0.35757405,0,0,0,0,0,0,0,0,0,0,0,0,0,0,0,0,0,0,0,0,0
18.0,50,119.98011800039,0,1.5556082,0,5.5516157,0,3.4672072,0,1.9700141,0,16.840612,0,11.235863,0,2.6084154,0,2.4736881,0,0.71510905,0,1.648977,0,2.6231298,0,1.9224325,0,0.12879546,0,0.36334002,0,0,0,0,0,0,0,0,0,0,0,0,0,0,0,0,0,0,0,0,0
18.5,50,119.98011800039,0,1.5525916,0,5.5486836,0,3.5271719,0,1.9898528,0,17.410654,0,11.624545,0,2.6616514,0,2.5246902,0,0.7004913,0,1.6989486,0,2.6885827,0,1.979406,0,0.12871133,0,0.3691115,0,0,0,0,0,0,0,0,0,0,0,0,0,0,0,0,0,0,0,0,0
19.0,50,119.98011800039,0,1.5498539,0,5.562958,0,3.5848453,0,2.0096915,0,17.9807,0,12.0132265,0,2.7148867,0,2.575591,0,0.6856845,0,1.7489203,0,2.754034,0,2.0363796,0,0.1285604,0,0.37400484,0,0,0,0,0,0,0,0,0,0,0,0,0,0,0,0,0,0,0,0,0
19.5,50,119.98011800039,0,1.5471228,0,5.5775657,0,3.6389487,0,2.0295303,0,18.550743,0,12.401928,0,2.7681005,0,2.6259542,0,0.66947645,0,1.798892,0,2.8194778,0,2.0933528,0,0.12839486,0,0.37846535,0,0,0,0,0,0,0,0,0,0,0,0,0,0,0,0,0,0,0,0,0
20.0,50,119.98011800039,0,1.544396,0,5.593772,0,3.6930525,0,2.0493693,0,19.120922,0,12.79063,0,2.8212802,0,2.674339,0,0.65253115,0,1.8488634,0,2.8849213,0,2.1503193,0,0.12822145,0,0.38292584,0,0,0,0,0,0,0,0,0,0,0,0,0,0,0,0,0,0,0,0,0
20.5,50,119.98011800039,0,1.5414919,0,5.6183004,0,3.747196,0,2.0692081,0,19.691175,0,13.179335,0,2.874473,0,2.7227237,0,0.6355857,0,1.8984557,0,2.950365,0,2.2072861,0,0.1279319,0,0.38738635,0,0,0,0,0,0,0,0,0,0,0,0,0,0,0,0,0,0,0,0,0
21.0,50,119.98011800039,0,1.5385861,0,5.6454926,0,3.8015811,0,2.089047,0,20.26143,0,13.568037,0,2.9276829,0,2.7711387,0,0.6186406,0,1.947896,0,3.015843,0,2.2642515,0,0.12764235,0,0.392005,0,0,0,0,0,0,0,0,0,0,0,0,0,0,0,0,0,0,0,0,0
21.5,50,119.98011800039,0,1.5361619,0,5.674429,0,3.8559096,0,2.1088855,0,20.831688,0,13.95674,0,2.9808927,0,2.819567,0,0.60075617,0,1.9973363,0,3.081337,0,2.3212168,0,0.12735277,0,0.39712605,0,0,0,0,0,0,0,0,0,0,0,0,0,0,0,0,0,0,0,0,0
22.0,50,119.98011800039,0,1.5349967,0,5.7033653,0,3.9102385,0,2.1287248,0,21.401941,0,14.345444,0,3.0341234,0,2.8679945,0,0.58158815,0,2.0467765,0,3.146832,0,2.3781817,0,0.1270622,0,0.40224713,0,0,0,0,0,0,0,0,0,0,0,0,0,0,0,0,0,0,0,0,0
22.5,50,119.98011800039,0,1.5338329,0,5.732304,0,3.964567,0,2.1485636,0,21.972197,0,14.734148,0,3.0873551,0,2.9164228,0,0.5624205,0,2.096217,0,3.2123263,0,2.435147,0,0.12676725,0,0.40736815,0,0,0,0,0,0,0,0,0,0,0,0,0,0,0,0,0,0,0,0,0
23.0,50,119.98011800039,0,1.5326909,0,5.761242,0,4.018896,0,2.1684024,0,22.542448,0,15.12285,0,3.1405866,0,2.964566,0,0.5432524,0,2.1456573,0,3.274115,0,2.492108,0,0.12628925,0,0.4124892,0,0,0,0,0,0,0,0,0,0,0,0,0,0,0,0,0,0,0,0,0
23.5,50,119.98011800039,0,1.5314819,0,5.79018,0,4.073201,0,2.188204,0,23.112703,0,15.51285,0,3.1938186,0,3.0125086,0,0.52408457,0,2.1950972,0,3.3344967,0,2.549067,0,0.12570643,0,0.41761234,0,0,0,0,0,0,0,0,0,0,0,0,0,0,0,0,0,0,0,0,0
24.0,50,119.98011800039,0,1.5309457,0,5.8191185,0,4.1270666,0,2.207959,0,23.682959,0,15.910698,0,3.2473993,0,3.0604177,0,0.50496686,0,2.2445378,0,3.3948789,0,2.6060274,0,0.12512629,0,0.42274892,0,0,0,0,0,0,0,0,0,0,0,0,0,0,0,0,0,0,0,0,0
24.5,50,119.98011800039,0,1.530389,0,5.848057,0,4.1809325,0,2.227714,0,24.253214,0,16.308548,0,3.3012471,0,3.1083262,0,0.48596293,0,2.2939782,0,3.4552605,0,2.662876,0,0.12454222,0,0.4278855,0,0,0,0,0,0,0,0,0,0,0,0,0,0,0,0,0,0,0,0,0
25.0,50,119.98011800039,0,1.5298325,0,5.876995,0,4.234799,0,2.247469,0,24.82347,0,16.706394,0,3.3550947,0,3.156235,0,0.46723747,0,2.3432925,0,3.5156422,0,2.7195883,0,0.123955876,0,0.4330221,0,0,0,0,0,0,0,0,0,0,0,0,0,0,0,0,0,0,0,0,0
25.5,50,119.98011800039,0,1.5292759,0,5.9059334,0,4.2886653,0,2.267224,0,25.393724,0,17.104244,0,3.4089432,0,3.2041416,0,0.45475656,0,2.3925261,0,3.5760238,0,2.7763004,0,0.12338674,0,0.43815866,0,0,0,0,0,0,0,0,0,0,0,0,0,0,0,0,0,0,0,0,0
26.0,50,119.98011800039,0,1.5287194,0,5.9356575,0,4.342531,0,2.286979,0,25.963976,0,17.502092,0,3.462791,0,3.2520459,0,0.45037282,0,2.44176,0,3.636406,0,2.8330128,0,0.122818604,0,0.4432953,0,0,0,0,0,0,0,0,0,0,0,0,0,0,0,0,0,0,0,0,0
26.5,50,119.98011800039,0,1.5281627,0,5.96266,0,4.3963966,0,2.3067336,0,26.534231,0,17.89994,0,3.5166392,0,3.3000762,0,0.4462193,0,2.4909937,0,3.6966083,0,2.8897252,0,0.12225048,0,0.44843188,0,0,0,0,0,0,0,0,0,0,0,0,0,0,0,0,0,0,0,0,0
27.0,50,119.98011800039,0,1.5276062,0,5.9891815,0,4.450263,0,2.326489,0,27.104485,0,18.29779,0,3.570487,0,3.3482,0,0.44301945,0,2.5402274,0,3.7567246,0,2.9464378,0,0.12168236,0,0.4535686,0,0,0,0,0,0,0,0,0,0,0,0,0,0,0,0,0,0,0,0,0
27.5,50,119.98011800039,0,1.5270497,0,6.0180984,0,4.5041285,0,2.3462439,0,27.67474,0,18.695637,0,3.6243348,0,3.3963234,0,0.43990508,0,2.589461,0,3.8168406,0,3.0031502,0,0.12117675,0,0.45870516,0,0,0,0,0,0,0,0,0,0,0,0,0,0,0,0,0,0,0,0,0
28.0,50,119.98011800039,0,1.5264931,0,6.051905,0,4.557995,0,2.3659987,0,28.244993,0,19.093489,0,3.6781828,0,3.4444468,0,0.43679017,0,2.638695,0,3.8769565,0,3.0598624,0,0.12048164,0,0.46384177,0,0,0,0,0,0,0,0,0,0,0,0,0,0,0,0,0,0,0,0,0
28.5,50,119.98011800039,0,1.5259366,0,6.085737,0,4.611861,0,2.385754,0,28.815248,0,19.491337,0,3.7320306,0,3.4925702,0,0.43367726,0,2.6879287,0,3.9370723,0,3.1165748,0,0.11978655,0,0.46897832,0,0,0,0,0,0,0,0,0,0,0,0,0,0,0,0,0,0,0,0,0
29.0,50,119.98011800039,0,1.52538,0,6.1195745,0,4.6657267,0,2.405509,0,29.3855,0,19.889183,0,3.7858791,0,3.5406942,0,0.43056488,0,2.7371624,0,3.9971883,0,3.1732872,0,0.11909145,0,0.47411495,0,0,0,0,0,0,0,0,0,0,0,0,0,0,0,0,0,0,0,0,0
29.5,50,119.98011800039,0,1.5248234,0,6.154297,0,4.719593,0,2.425264,0,29.955761,0,20.287033,0,3.8397264,0,3.5888171,0,0.42747355,0,2.786396,0,4.057294,0,3.23,0,0.11839635,0,0.47925156,0,0,0,0,0,0,0,0,0,0,0,0,0,0,0,0,0,0,0,0,0
30.0,50,119.98011800039,0,1.5242668,0,6.1929674,0,4.773459,0,2.4450188,0,30.526014,0,20.684881,0,3.8935747,0,3.636941,0,0.42451614,0,2.83563,0,4.1173267,0,3.286712,0,0.11770126,0,0.48438823,0,0,0,0,0,0,0,0,0,0,0,0,0,0,0,0,0,0,0,0,0
30.5,50,119.98011800039,0,1.5237103,0,6.231699,0,4.827326,0,2.4647741,0,31.096268,0,21.08273,0,3.9474225,0,3.6850646,0,0.42155877,0,2.8848743,0,4.1773605,0,3.3434243,0,0.11697848,0,0.48952478,0,0,0,0,0,0,0,0,0,0,0,0,0,0,0,0,0,0,0,0,0
31.0,50,119.98011800039,0,1.5231537,0,6.2704306,0,4.8811855,0,2.4845285,0,31.666525,0,21.48058,0,4.001271,0,3.7331882,0,0.41951388,0,2.9341323,0,4.2373934,0,3.4001381,0,0.11616353,0,0.49577835,0,0,0,0,0,0,0,0,0,0,0,0,0,0,0,0,0,0,0,0,0
31.5,50,119.98011800039,0,1.5225971,0,6.309162,0,4.9350443,0,2.5042841,0,32.23678,0,21.87843,0,4.0551186,0,3.7813113,0,0.41787225,0,2.98339,0,4.297426,0,3.456852,0,0.115348615,0,0.50548637,0,0,0,0,0,0,0,0,0,0,0,0,0,0,0,0,0,0,0,0,0
32.0,50,119.98011800039,0,1.5220406,0,6.348035,0,4.9889045,0,2.5240388,0,32.80703,0,22.276276,0,4.108967,0,3.8294346,0,0.41625983,0,3.0326478,0,4.357459,0,3.513566,0,0.11453369,0,0.5151943,0,0,0,0,0,0,0,0,0,0,0,0,0,0,0,0,0,0,0,0,0
32.5,50,119.98011800039,0,1.5214857,0,6.3871975,0,5.042764,0,2.5437934,0,33.37729,0,22.674133,0,4.162814,0,3.877558,0,0.41466415,0,3.0819051,0,4.4174924,0,3.57028,0,0.11371875,0,0.5249024,0,0,0,0,0,0,0,0,0,0,0,0,0,0,0,0,0,0,0,0,0
33.0,50,119.98011800039,0,1.5209337,0,6.42636,0,5.0966234,0,2.5635488,0,33.94754,0,23.072021,0,4.216662,0,3.925682,0,0.41413814,0,3.131163,0,4.4775257,0,3.6269944,0,0.11290382,0,0.5346105,0,0,0,0,0,0,0,0,0,0,0,0,0,0,0,0,0,0,0,0,0
33.5,50,119.98011800039,0,1.5203817,0,6.465523,0,5.150483,0,2.5833035,0,34.51779,0,23.469912,0,4.270508,0,3.9738052,0,0.41361207,0,3.1804206,0,4.5375547,0,3.6837082,0,0.11208889,0,0.5443183,0,0,0,0,0,0,0,0,0,0,0,0,0,0,0,0,0,0,0,0,0
34.0,50,119.98011800039,0,1.5198296,0,6.5046854,0,5.204343,0,2.6030588,0,35.08805,0,23.867802,0,4.3243537,0,4.0219293,0,0.413086,0,3.2296782,0,4.597582,0,3.7404225,0,0.11127396,0,0.5540265,0,0,0,0,0,0,0,0,0,0,0,0,0,0,0,0,0,0,0,0,0
34.5,50,119.98011800039,0,1.5192776,0,6.543848,0,5.2582026,0,2.6228137,0,35.658302,0,24.265696,0,4.3782,0,4.0700526,0,0.41255987,0,3.2789357,0,4.657609,0,3.7971368,0,0.11045903,0,0.56374675,0,0,0,0,0,0,0,0,0,0,0,0,0,0,0,0,0,0,0,0,0
35.0,50,119.98011800039,0,1.5187213,0,6.583011,0,5.3120623,0,2.6425683,0,36.22856,0,24.663586,0,4.432046,0,4.118176,0,0.41203386,0,3.3281934,0,4.717637,0,3.8538508,0,0.1096441,0,0.57346773,0,0,0,0,0,0,0,0,0,0,0,0,0,0,0,0,0,0,0,0,0
35.5,50,119.98011800039,0,1.5181024,0,6.622174,0,5.3659215,0,2.6623237,0,36.798813,0,25.061474,0,4.485892,0,4.1662993,0,0.41149276,0,3.377451,0,4.7776647,0,3.9104686,0,0.10882918,0,0.5831884,0,0,0,0,0,0,0,0,0,0,0,0,0,0,0,0,0,0,0,0,0
36.0,50,119.98011800039,0,1.5174834,0,6.6613364,0,5.4197817,0,2.6820788,0,37.369064,0,25.459307,0,4.537644,0,4.214423,0,0.41092372,0,3.4267085,0,4.837692,0,3.9669733,0,0.108033106,0,0.59290946,0,0,0,0,0,0,0,0,0,0,0,0,0,0,0,0,0,0,0,0,0
36.5,50,119.98011800039,0,1.5168644,0,6.700499,0,5.4734793,0,2.7018342,0,37.939323,0,25.85701,0,4.589137,0,4.262546,0,0.41035455,0,3.4759657,0,4.89772,0,4.0234776,0,0.10724063,0,0.6026304,0,0,0,0,0,0,0,0,0,0,0,0,0,0,0,0,0,0,0,0,0
37.0,50,119.98011800039,0,1.5162454,0,6.7396617,0,5.526967,0,2.7215889,0,38.509575,0,26.254717,0,4.6406307,0,4.3106704,0,0.4097855,0,3.5252235,0,4.9577994,0,4.0799823,0,0.1064482,0,0.61235136,0,0,0,0,0,0,0,0,0,0,0,0,0,0,0,0,0,0,0,0,0
37.5,50,119.98011800039,0,1.5156325,0,6.7789297,0,5.580456,0,2.7413433,0,39.079834,0,26.652418,0,4.692124,0,4.3587937,0,0.4092164,0,3.5744815,0,5.0178866,0,4.1364875,0,0.10565574,0,0.6220722,0,0,0,0,0,0,0,0,0,0,0,0,0,0,0,0,0,0,0,0,0
38.0,50,119.98011800039,0,1.5150368,0,6.8182526,0,5.633943,0,2.7610989,0,39.650085,0,27.050127,0,4.7436166,0,4.406917,0,0.4086473,0,3.6237388,0,5.077973,0,4.192992,0,0.10486327,0,0.63179326,0,0,0,0,0,0,0,0,0,0,0,0,0,0,0,0,0,0,0,0,0
38.5,50,119.98011800039,0,1.5144411,0,6.857575,0,5.6874313,0,2.7808533,0,40.220345,0,27.44783,0,4.7950883,0,4.455041,0,0.40807822,0,3.6729965,0,5.1380606,0,4.2494965,0,0.10407083,0,0.6415142,0,0,0,0,0,0,0,0,0,0,0,0,0,0,0,0,0,0,0,0,0
39.0,50,119.98011800039,0,1.5138454,0,6.896892,0,5.7409196,0,2.8006086,0,40.790596,0,27.845535,0,4.8465247,0,4.503164,0,0.40750912,0,3.722254,0,5.1981473,0,4.306001,0,0.103279755,0,0.65123487,0,0,0,0,0,0,0,0,0,0,0,0,0,0,0,0,0,0,0,0,0
39.5,50,119.98011800039,0,1.5132499,0,6.9359856,0,5.794408,0,2.8203638,0,41.360847,0,28.243238,0,4.897962,0,4.5512877,0,0.40694004,0,3.7715113,0,5.2582345,0,4.362506,0,0.10248925,0,0.6609559,0,0,0,0,0,0,0,0,0,0,0,0,0,0,0,0,0,0,0,0,0
40.0,50,119.98011800039,0,1.5126542,0,6.9750805,0,5.84713,0,2.840119,0,41.9311,0,28.64095,0,4.9493995,0,4.599411,0,0.40688097,0,3.820769,0,5.318322,0,4.4190106,0,0.10169874,0,0.6706768,0,0,0,0,0,0,0,0,0,0,0,0,0,0,0,0,0,0,0,0,0
40.5,50,119.98011800039,0,1.5120585,0,7.014175,0,5.8990793,0,2.8598738,0,42.501358,0,29.03865,0,5.000837,0,4.647535,0,0.4070831,0,3.870027,0,5.378439,0,4.4755154,0,0.10090822,0,0.6803976,0,0,0,0,0,0,0,0,0,0,0,0,0,0,0,0,0,0,0,0,0
41.0,50,119.98011800039,0,1.5114628,0,7.0532684,0,5.9510274,0,2.8796291,0,43.07161,0,29.436354,0,5.052274,0,4.695658,0,0.40710944,0,3.9192843,0,5.4386506,0,4.53202,0,0.10011772,0,0.69011843,0,0,0,0,0,0,0,0,0,0,0,0,0,0,0,0,0,0,0,0,0
41.5,50,119.98011800039,0,1.5109009,0,7.0923624,0,6.0029774,0,2.899384,0,43.64187,0,29.834059,0,5.103711,0,4.7437816,0,0.4071359,0,3.9685423,0,5.498864,0,4.5885243,0,0.09932719,0,0.6998395,0,0,0,0,0,0,0,0,0,0,0,0,0,0,0,0,0,0,0,0,0
42.0,50,119.98011800039,0,1.510487,0,7.131456,0,6.0549254,0,2.919139,0,44.21212,0,30.231762,0,5.155148,0,4.791905,0,0.40716225,0,4.0178,0,5.559077,0,4.6450295,0,0.0985367,0,0.7095604,0,0,0,0,0,0,0,0,0,0,0,0,0,0,0,0,0,0,0,0,0
42.5,50,119.98011800039,0,1.5100731,0,7.1705484,0,6.1068735,0,2.9388943,0,44.78237,0,30.629467,0,5.2065854,0,4.8400292,0,0.40704474,0,4.067057,0,5.6192894,0,4.701534,0,0.09774619,0,0.7192813,0,0,0,0,0,0,0,0,0,0,0,0,0,0,0,0,0,0,0,0,0
43.0,50,119.98011800039,0,1.5096592,0,7.2096415,0,6.1588235,0,2.9586492,0,45.35263,0,31.027174,0,5.258023,0,4.888152,0,0.40688574,0,4.116305,0,5.679502,0,4.7580385,0,0.09695569,0,0.7290021,0,0,0,0,0,0,0,0,0,0,0,0,0,0,0,0,0,0,0,0,0
43.5,50,119.98011800039,0,1.5092467,0,7.2487345,0,6.2107716,0,2.9784036,0,45.922882,0,31.424881,0,5.309459,0,4.9362755,0,0.40677398,0,4.1655455,0,5.7397146,0,4.814543,0,0.096165195,0,0.73872316,0,0,0,0,0,0,0,0,0,0,0,0,0,0,0,0,0,0,0,0,0
44.0,50,119.98011800039,0,1.5088404,0,7.2878275,0,6.2627187,0,2.99816,0,46.493134,0,31.822586,0,5.3609366,0,4.984399,0,0.4068142,0,4.2147856,0,5.799927,0,4.871047,0,0.09537467,0,0.74844396,0,0,0,0,0,0,0,0,0,0,0,0,0,0,0,0,0,0,0,0,0
44.5,50,119.98011800039,0,1.5084342,0,7.32692,0,6.314668,0,3.017914,0,47.0634,0,32.220284,0,5.4124312,0,5.0325227,0,0.40685433,0,4.264026,0,5.8601403,0,4.9275527,0,0.09450857,0,0.7581649,0,0,0,0,0,0,0,0,0,0,0,0,0,0,0,0,0,0,0,0,0
45.0,50,119.98011800039,0,1.5080278,0,7.366013,0,6.366617,0,3.0376682,0,47.63365,0,32.617992,0,5.4639273,0,5.080646,0,0.4068945,0,4.3132663,0,5.9203525,0,4.9840574,0,0.093535736,0,0.7678859,0,0,0,0,0,0,0,0,0,0,0,0,0,0,0,0,0,0,0,0,0
45.5,50,119.98011800039,0,1.5076215,0,7.4051056,0,6.418566,0,3.057424,0,48.203903,0,33.015697,0,5.5154233,0,5.1287694,0,0.40684307,0,4.362507,0,5.9805655,0,5.040561,0,0.092559025,0,0.7776067,0,0,0,0,0,0,0,0,0,0,0,0,0,0,0,0,0,0,0,0,0
46.0,50,119.98011800039,0,1.5072151,0,7.444198,0,6.4705143,0,3.0771801,0,48.774162,0,33.413403,0,5.5669193,0,5.1768937,0,0.40602145,0,4.411748,0,6.0407777,0,5.097066,0,0.091581464,0,0.7873275,0,0,0,0,0,0,0,0,0,0,0,0,0,0,0,0,0,0,0,0,0
46.5,50,119.98011800039,0,1.5068089,0,7.4832907,0,6.522464,0,3.0969338,0,49.344414,0,33.811108,0,5.618415,0,5.225017,0,0.40519983,0,4.460988,0,6.10099,0,5.153571,0,0.09060387,0,0.79704845,0,0,0,0,0,0,0,0,0,0,0,0,0,0,0,0,0,0,0,0,0
47.0,50,119.98011800039,0,1.5064026,0,7.5223846,0,6.5744123,0,3.1166892,0,49.914665,0,34.208813,0,5.669911,0,5.2731395,0,0.4043782,0,4.510228,0,6.1612034,0,5.210075,0,0.08962626,0,0.80676925,0,0,0,0,0,0,0,0,0,0,0,0,0,0,0,0,0,0,0,0,0
47.5,50,119.98011800039,0,1.5059963,0,7.561477,0,6.6263533,0,3.1364439,0,50.484917,0,34.606518,0,5.721407,0,5.321264,0,0.40355653,0,4.559469,0,6.221416,0,5.26658,0,0.08864869,0,0.8164904,0,0,0,0,0,0,0,0,0,0,0,0,0,0,0,0,0,0,0,0,0
48.0,50,119.98011800039,0,1.5058252,0,7.60057,0,6.678286,0,3.1561985,0,51.055176,0,35.004215,0,5.772903,0,5.3693876,0,0.40273488,0,4.6087093,0,6.2816286,0,5.3230844,0,0.0876711,0,0.82621133,0,0,0,0,0,0,0,0,0,0,0,0,0,0,0,0,0,0,0,0,0
48.5,50,119.98011800039,0,1.5056769,0,7.6396637,0,6.730217,0,3.175953,0,51.625427,0,35.40192,0,5.8243985,0,5.4175115,0,0.40191317,0,4.65795,0,6.3418407,0,5.379589,0,0.0866935,0,0.83593214,0,0,0,0,0,0,0,0,0,0,0,0,0,0,0,0,0,0,0,0,0
49.0,50,119.98011800039,0,1.5055287,0,7.6787558,0,6.7821493,0,3.1957088,0,52.195686,0,35.79963,0,5.875894,0,5.4656343,0,0.40109155,0,4.7071896,0,6.4020543,0,5.436094,0,0.08571592,0,0.84565294,0,0,0,0,0,0,0,0,0,0,0,0,0,0,0,0,0,0,0,0,0
49.5,50,119.98011800039,0,1.5053885,0,7.717849,0,6.834082,0,3.2154644,0,52.765938,0,36.197334,0,5.9273944,0,5.513758,0,0.40026996,0,4.7564306,0,6.462266,0,5.4925985,0,0.08473833,0,0.85537386,0,0,0,0,0,0,0,0,0,0,0,0,0,0,0,0,0,0,0,0,0
50.0,50,119.98011800039,0,1.5058951,0,7.756942,0,6.8860145,0,3.235219,0,53.336197,0,36.595036,0,5.9789033,0,5.561881,0,0.39944828,0,4.8056707,0,6.5224786,0,5.5491033,0,0.08376072,0,0.8650948,0,0,0,0,0,0,0,0,0,0,0,0,0,0,0,0,0,0,0,0,0
