thd,frequency,h1,h2,h3,h4,h5,h6,h7,h8,h9,h10,h11,h12,h13,h14,h15,h16,h17,h18,h19,h20,h21,h22,h23,h24,h25,h26,h27,h28,h29,h30,h31,h32,h33,h34,h35,h36,h37,h38,h39,h40,h41,h42,h43,h44,h45,h46,h47,h48,h49,h50
0.0,50.0,119.98011800038554,0.061984055,0.0,0.0021151565,0.23900115,0.0,0.12315132,0.06012049,0.06445207,0.0,0.0,0.00016173786,0.0,0.00034707878,0.0,0.0,0.0,0.00010426226,0.14942779,0.00025571027,0.036870874,2.7413273e-05,0.0,0.00013243132,0.0,8.699188e-05,0.01663401,1.0723743e-06,0.0,0.0,0.002375084,0.0,0.0,0.0,0.01668367,0.0,0.0,0.00017309,0.0,0.00023161381,0.00050767185,5.2288968e-05,0.0,0.0,0.00036614577,0.0,0.0,0.0,0.0,0.00014895864
0.5,50.0,119.98011800038554,0.09108148,0.0,0.0019150861,0.48376328,0.0,0.30834365,0.06012049,0.38862777,0.0026128525,0.0,0.00016173786,0.0,0.00027969852,0.07992795,0.0075525152,0.0,0.00010426226,0.25362015,0.00025571027,0.054839768,2.7413273e-05,0.02078548,0.00013242994,0.0,8.699188e-05,0.025348386,1.0723743e-06,0.0,0.0,0.0022519277,0.0,0.0,0.0,0.026979713,0.0,0.0,0.00017309,0.0040951367,0.00023161381,0.0005029738,5.2288968e-05,0.0,0.0,0.00036614577,0.0,0.0,0.0,0.0,0.00014895864
1.0,50.0,119.98011800038554,0.12017905,0.012310654,0.0017150044,0.8448604,0.0,0.49517232,0.06012049,0.7128036,0.024336386,0.0,0.00016173786,0.12916829,0.00021232385,0.21530212,0.020715661,0.03577347,0.00010426226,0.35781288,0.00025571027,0.07404981,2.7413273e-05,0.100663096,0.0001324284,0.0,8.699188e-05,0.034197055,1.0723743e-06,0.0061217844,0.0,0.002129919,0.0,0.0039772214,0.0,0.037275746,0.0,0.0,0.00017309,0.01601209,0.00023161381,0.0004982755,5.2288968e-05,0.0,0.0,0.00036614577,0.0,0.0,0.0,0.0,0.00014895864
1.5,50.0,119.98011800038554,0.14927712,0.17938954,0.0015149321,1.2991908,0.0,0.69436044,0.06012049,1.0417831,0.046059906,0.0,0.00016173786,0.2946468,0.00014494825,0.36295933,0.033878785,0.091249496,0.00010426226,0.4620055,0.00025571027,0.095322005,2.7413273e-05,0.18054357,0.00013242515,0.020575315,8.699188e-05,0.044960745,1.0723743e-06,0.029178753,0.0,0.0020246543,0.0,0.01889636,0.0,0.047407314,0.0,0.0,0.00017309,0.028114792,0.00023161381,0.0004935772,5.2288968e-05,0.0,0.0,0.00036614577,0.0,0.0,0.0,0.0,0.00014895864
2.0,50.0,119.98011800038554,0.17834601,0.37773234,0.0013689715,1.8314478,0.0,0.8992135,0.06012049,1.3725061,0.06778346,0.15748987,0.00016173786,0.46012557,7.757265e-05,0.5183121,0.047041923,0.15065597,0.00010426226,0.56619793,0.00025571027,0.11659417,2.7413273e-05,0.2604324,0.00013242564,0.053054765,8.699188e-05,0.054906942,1.0723743e-06,0.052254014,0.0,0.0020933906,0.0,0.03381551,0.0,0.057106607,0.0,0.0,0.00017309,0.04027499,0.00023161381,0.00048887916,5.2288968e-05,0.0,0.0,0.00036614577,0.0,0.0,0.0,0.0,0.00014895864
2.5,50.0,119.98011800038554,0.18719766,0.5777739,0.0013712719,2.0632281,0.0,1.124442,0.06012049,1.703175,0.08937884,0.3369444,0.00016173786,0.6256707,1.0193326e-05,0.6731745,0.059061125,0.2117062,0.00010426226,0.6666386,0.00025571027,0.13786688,2.7413273e-05,0.34032094,0.00013242925,0.085539326,8.699188e-05,0.059339035,1.0723743e-06,0.08048371,0.0,0.002290693,0.0,0.04873466,0.0,0.061283164,0.0,0.0,0.00017309,0.05270874,0.00023161381,0.0004841811,5.2288968e-05,0.0,0.0,0.00036614577,0.0,0.0,0.0,0.0,0.00014895864
3.0,50.0,119.98011800038554,0.18866393,0.7954302,0.0013742447,2.0639224,0.0,1.3602072,0.06012049,2.0086763,0.107963935,0.516399,0.00016173786,0.7914357,0.0,0.81690633,0.05955652,0.27086964,0.00010426226,0.75471437,0.00025571027,0.16235973,2.7413273e-05,0.42020968,0.00013243132,0.13442476,8.699188e-05,0.059942067,1.0723743e-06,0.11342411,0.0,0.002488573,0.0,0.060400397,0.0,0.061605014,0.0,0.0,0.00017309,0.059424046,0.00023161381,0.0004795082,5.2288968e-05,0.0,0.0,0.00036614577,0.0,0.0,0.0,0.0,0.00014895864
3.5,50.0,119.98011800038554,0.1900717,0.90589553,0.0013812743,2.2650814,0.0,1.677038,0.06012049,2.1150742,0.10861313,0.6958537,0.00016173786,0.97066593,0.0,0.8907728,0.059631377,0.3236602,0.00010426226,0.84279025,0.00025571027,0.26460856,2.7413273e-05,0.5773127,0.00013243132,0.20550792,8.699188e-05,0.059971705,1.0723743e-06,0.14636697,0.0,0.0026864568,0.0,0.060938194,0.0,0.06192687,0.0,0.0015272889,0.00017309,0.059817385,0.00023161381,0.0004750141,5.2288968e-05,0.0,0.0,0.00036614577,0.0,0.0,0.0,0.0,0.00014895864
4.0,50.0,119.98011800038554,0.19143063,0.97573346,0.0011979267,2.6671844,0.0,2.082406,0.06012049,2.2063622,0.10436102,0.8753083,0.00016173786,1.1696861,0.0,0.9646307,0.059673354,0.43051547,0.00010426226,0.9308659,0.00025571027,0.45805818,2.7413273e-05,1.0311847,0.00013243132,0.6409805,8.699188e-05,0.060001343,1.0723743e-06,0.17930587,0.0,0.0028843377,0.0,0.061403263,0.0,0.06224873,0.0,0.053079084,0.00017309,0.059998803,0.00023161381,0.00047052,5.2288968e-05,0.0,0.0,0.00036614577,0.0,0.0,0.0,0.0,0.00014895864
4.5,50.0,119.98011800038554,0.18785512,1.1765832,0.0005741995,3.0390205,0.0,2.0845985,0.06012049,2.2393115,0.08744608,1.0535746,0.00016173786,1.3636363,0.0,0.97205436,0.036034614,0.48253492,0.00010426226,0.9904169,0.00025571027,0.40792277,2.7413273e-05,1.0905676,0.00013243132,0.60827273,8.699188e-05,0.060006574,1.0723743e-06,0.19872676,0.0,0.0030822204,0.0,0.061559416,0.0,0.06107931,0.0,0.11695417,0.00017309,0.059641507,0.00023161381,0.0004660259,5.2288968e-05,0.0,0.0,0.00036614577,0.0,0.0,0.0,0.0,0.00014895864
5.0,50.0,119.98011800038554,0.15346107,1.2411425,0.006698847,4.815556,0.0,1.7929238,0.06012049,1.8262055,0.06749163,0.8068613,0.00016173786,0.859972,0.0,0.76767623,0.00012092252,0.43865022,0.00010426226,0.6786751,0.00025571027,0.3208145,2.7413273e-05,0.73945534,0.00013243132,0.29952312,8.699188e-05,0.059937466,1.0723743e-06,0.16697374,0.0,0.0017621517,0.0,0.004157138,0.0,0.021158097,0.0,0.081449516,0.00017309,0.057737175,0.00023161381,0.00046153134,5.2288968e-05,0.0,0.0,0.00036614577,0.0,0.0,0.0,0.0,0.00014895864
5.5,50.0,119.98011800038554,0.13307986,1.2985263,0.059756618,6.17637,0.0,1.7490412,0.06012049,0.87447,0.057406727,0.55596364,0.00016173786,0.5380969,0.0,0.6143781,0.00012092252,0.43695253,0.00010426226,0.42298144,0.00025571027,0.21802175,2.7413273e-05,0.49392465,0.00013243132,0.17582905,8.699188e-05,0.05975423,1.0723743e-06,0.082264274,0.0,0.001660007,0.0,0.00024126074,0.0,0.00023964874,0.0,0.059338376,0.00017309,0.0,0.00023161381,0.0004570377,5.2288968e-05,0.0,0.0,0.00036614577,0.0,0.0,0.0,0.0,0.00014895864
6.0,50.0,119.98011800038554,0.12446401,1.6243083,0.05979504,6.4648933,0.0,1.71958,0.06012049,1.0081475,0.058001176,0.48177084,0.00016173786,0.59364384,0.0,0.66020274,0.00012092252,0.552444,0.00010426226,0.4750862,0.00025571027,0.23260108,2.7413273e-05,0.49392465,0.00013243132,0.19672629,8.699188e-05,0.059574462,1.0723743e-06,0.06136064,0.0,0.058531176,0.0,0.00017011748,0.0,0.0007958143,0.0,0.059847124,0.00017309,0.0,0.00023161381,0.00045254338,5.2288968e-05,0.0,0.0,0.00036614577,0.0,0.0,0.0,0.0,0.00014895864
6.5,50.0,119.98011800038554,0.12089871,1.5802187,0.05979504,6.580767,0.0,2.0907776,0.06012049,0.96770775,2.1761283e-05,1.3862927,0.00016173786,0.7134144,1.2300909e-05,0.7770989,0.00012092252,0.67401916,0.00010426226,0.48208737,0.00025571027,0.27891752,2.7413273e-05,0.59405935,0.00013243132,0.33021188,8.699188e-05,0.059971515,1.0723743e-06,0.06491771,0.0,0.058942504,0.0,0.00024204003,0.0,0.058939047,0.0,0.06005253,0.00017309,0.0,0.00023161381,0.00046166568,5.2288968e-05,0.0,0.0,0.00036614577,0.0,0.0,0.0,0.0,0.00014895864
7.0,50.0,119.98011800038554,0.120703384,1.5836661,0.05979504,6.4725127,0.0,2.0456104,0.06012049,0.75676084,1.4577992e-05,3.2025034,0.00016173786,1.8637378,0.05971164,1.1121558,0.00012092252,1.0068016,0.00010426226,0.7113457,0.00025571027,0.44724607,2.7413273e-05,0.94146955,0.00013243132,0.6242121,8.699188e-05,0.11122437,1.0723743e-06,0.17933421,0.0,0.059365254,0.0,0.0003085297,0.0,0.059353255,0.0,0.06005253,0.00017309,0.0,0.00023161381,0.00048440555,5.2288968e-05,2.3338147e-05,0.0,0.00036614577,0.0,0.0,0.0,0.0,0.00014895864
7.5,50.0,119.98011800038554,0.12065035,1.576231,0.05979504,6.3938003,0.0,2.1945953,0.06012049,0.75549257,1.4577992e-05,3.9486759,0.00016173786,2.4194908,0.059969272,1.2275637,0.00012092252,1.1508317,0.00010426226,0.81293887,0.00025571027,0.52469444,2.7413273e-05,1.0719572,0.00013243132,0.7268811,8.699188e-05,0.115611434,1.0723743e-06,0.20162281,0.0,0.11016315,0.0,0.00032124738,0.0,0.07892291,0.0,0.06005253,0.00017309,0.0,0.00023161381,0.0005045682,5.2288968e-05,4.4936703e-05,0.0,0.00036614577,0.0,0.0,0.0,0.0,0.00014895864
8.0,50.0,119.98011800038554,0.12063737,1.5764685,0.05979504,6.430929,0.0,2.245609,0.06012049,0.79126847,1.4577992e-05,4.5691833,0.00016173786,2.8861253,0.0600724,1.3165073,0.00012092252,1.2720733,0.00010426226,0.8654281,0.00025571027,0.589774,2.7413273e-05,1.1463964,0.00013243132,0.7979207,8.699188e-05,0.120775975,1.0723743e-06,0.23313625,0.0,0.119031504,0.0,0.00033396482,0.0,0.11138062,0.0,0.06005253,0.00017309,0.0,0.00023161381,0.0005603195,5.2288968e-05,4.7366048e-05,0.0,0.00036614577,0.0,0.0,0.0,0.0,0.00014895864
8.5,50.0,119.98011800038554,0.12063737,1.5766699,0.060028438,6.4530253,0.0,2.3010738,0.06012049,0.9200835,1.4577992e-05,5.190047,0.00016173786,3.3533113,0.06011861,1.4069383,0.00012092252,1.3917177,0.00010426226,0.8685987,0.00025571027,0.6520736,2.7413273e-05,1.2239182,0.00013243132,0.8688092,8.699188e-05,0.12094469,1.0723743e-06,0.24580586,0.0,0.13338229,0.0,0.00037938985,0.0,0.11662607,0.0,0.06005253,0.00017309,0.0,0.00023161381,0.05796721,5.2288968e-05,5.8651258e-05,0.0,0.00036614577,0.0,0.0,0.0,0.0,0.00014895864
9.0,50.0,119.98011800038554,0.12063737,1.5768223,0.06028772,6.336285,0.0,2.3567507,0.06012049,1.0352179,1.4577992e-05,5.811343,0.00016173786,3.8205295,0.06015624,1.4974042,0.00012092252,1.4884253,0.00010426226,0.8687351,0.00025571027,0.6966284,2.7413273e-05,1.3033735,0.00013243132,0.93713164,8.699188e-05,0.12201728,1.0723743e-06,0.25309724,0.0,0.16854133,0.0,0.00048401812,0.0,0.12008609,0.0,0.06005253,0.00017309,0.0,0.00023161381,0.05815693,5.2288968e-05,7.787808e-05,0.0,0.00036614577,0.0,0.0,0.0,0.0,0.00014895864
9.5,50.0,119.98011800038554,0.12063737,1.5769798,0.093998015,6.182657,0.0,2.412461,0.06012049,1.1634246,0.028548192,6.432971,0.00016173786,4.276126,0.060192995,1.5878702,0.00012092252,1.5758109,0.00010426226,0.8685044,0.00025571027,0.7409943,2.7413273e-05,1.383057,0.00013243132,0.99973786,8.699188e-05,0.12322824,1.0723743e-06,0.26031008,0.0,0.17495023,0.0,0.023449646,0.0,0.122988224,0.0,0.08496223,0.00017309,0.0,0.00023161381,0.05824225,5.2288968e-05,0.000100148376,0.0,0.00036614577,0.0,0.0,0.0,0.0,0.00014895864
10.0,50.0,119.98011800038554,0.12063737,1.5771381,0.08364935,6.0953517,0.0,2.468261,0.06012049,1.266263,0.057463635,7.0546026,0.00016173786,4.711179,0.060208336,1.672625,0.00012092252,1.6457183,0.00010426226,0.8692472,0.00025571027,0.7851283,2.7413273e-05,1.4627404,0.00013243132,1.059243,8.699188e-05,0.1244392,1.0723743e-06,0.26679033,0.0,0.18136775,0.0,0.057290006,0.0,0.12586588,0.0,0.09505425,0.00017309,0.0,0.00023161381,0.058339637,5.2288968e-05,0.00012241864,0.0,0.00036614577,0.0,0.0,0.0,0.0,0.00014895864
10.5,50.0,119.98011800038554,0.12063737,1.5772964,0.073308066,6.0531263,0.0,2.5242085,0.06012049,1.3581699,0.057584893,7.6574726,0.00016173786,5.1462326,0.060216334,1.7427497,0.00012092252,1.7131748,0.00010426226,0.87003,0.00025571027,0.8285784,2.7413273e-05,1.5424237,0.00013243132,1.1188405,8.699188e-05,0.12564456,1.0723743e-06,0.2730203,0.0,0.18779144,0.0,0.057878315,0.0,0.12866619,0.0,0.089273244,0.00017309,0.0,0.00023161381,0.05843702,5.2288968e-05,0.00014468891,0.0,0.00036614577,0.0,0.0,0.0,0.0,0.00014895864
11.0,50.0,119.98011800038554,0.12063737,1.5774925,0.06362331,6.0222173,0.0,2.5810423,0.06012049,1.4500768,0.057716303,8.25288,0.00016173786,5.5812855,0.060224324,1.8062491,0.00012092252,1.7813394,0.00010426226,0.8708129,0.00025571027,0.87198013,2.7413273e-05,1.622113,0.00013243132,1.1786486,8.699188e-05,0.12682596,1.0723743e-06,0.27947497,0.0,0.19444045,0.0,0.05826466,0.0,0.13146651,0.0,0.08338277,0.00017309,0.0,0.00023161381,0.058534414,5.2288968e-05,0.00016713426,0.0,0.00036614577,0.0,0.0,0.0,0.0,0.00014895864
11.5,50.0,119.98011800038554,0.12063737,1.5776012,0.05363981,6.000116,0.0,2.6378915,0.06012049,1.5457908,0.05785563,8.848144,0.00016173786,6.0163383,0.060232315,1.8697486,0.00012092252,1.8496485,0.00010426226,0.8718655,0.00025571027,0.91535765,2.7413273e-05,1.7009854,0.00013243132,1.2386264,8.699188e-05,0.12800734,1.0723743e-06,0.28599492,0.0,0.2012156,0.0,0.05868115,0.0,0.13426681,0.0,0.077490516,0.00017309,0.0,0.00023161381,0.05862234,5.2288968e-05,0.00018958945,0.0,0.00036614577,0.0,0.0,0.0,0.0,0.00014895864
12.0,50.0,119.98011800038554,0.12063737,1.5776362,0.043264743,5.980366,0.0,2.6940982,0.06012049,1.6433526,0.058027424,9.443408,0.00016173786,6.451392,0.06024031,1.9342517,0.00012092252,1.9179578,0.00010426226,0.87317014,0.00025571027,0.9587321,2.7413273e-05,1.7786658,0.00013243132,1.2980915,8.699188e-05,0.12918872,1.0723743e-06,0.29247814,0.0,0.2074643,0.0,0.05908105,0.0,0.13706714,0.0,0.07159627,0.00017309,0.0,0.00023161381,0.058632355,5.2288968e-05,0.0002119165,0.0,0.00036614577,0.0,0.0,0.0,0.0,0.00014895864
12.5,50.0,119.98011800038554,0.12063737,1.5777625,0.032843586,5.9701514,0.0,2.7504594,0.06012049,1.7402661,0.058302566,10.027622,0.0,6.880892,0.06024826,1.9955556,0.00012092252,1.9846663,0.0002201979,0.87453556,0.00025571027,1.0019516,8.599403e-06,1.8568751,0.00013248433,1.3580581,8.699188e-05,0.13036557,1.0805029e-06,0.29895937,0.0,0.21208109,0.0,0.059349503,0.0,0.13987605,0.0,0.06569053,0.00017303633,0.0,0.00023161381,0.058642507,5.2288968e-05,0.000280518,0.0,0.0003662332,0.0,0.0,0.0,0.0,0.00014895864
13.0,50.0,119.98011800038554,0.12063737,1.5779177,0.022330102,5.982821,0.0,2.8070135,0.06012049,1.8634846,0.058581207,10.605054,0.0,7.307495,0.06025622,2.0544045,0.00012092252,2.0487165,0.00037516849,0.87589896,0.00025571027,1.045447,0.0,1.9354594,2.3210465e-05,1.4183563,8.699188e-05,0.13153997,8.887035e-05,0.30542237,0.0,0.21723354,0.0,0.053860158,0.0,0.14268385,0.0,0.059846766,0.00014069075,0.0,0.00023161381,0.0586526,5.409873e-05,0.0004899739,0.0,0.00032865527,0.0,5.257097e-05,0.0,0.0,0.00014895864
13.5,50.0,119.98011800038554,0.12063737,1.5780776,0.0116884075,5.998236,0.0,2.863203,0.06012049,2.0155437,0.058766175,11.181195,0.0,7.7319927,0.06024437,2.1100712,0.00012092252,2.1102965,0.0006300092,0.87727237,0.00025571027,1.0885963,0.0,2.0137417,0.0,1.4787071,8.699188e-05,0.13272262,0.00042597996,0.31194943,0.0,0.22262584,0.0,0.04827207,0.0,0.145491,0.0,0.05373674,0.0,0.0,0.00023161381,0.058662374,5.956284e-05,0.0006970477,0.0,0.00020156134,0.0,5.160275e-05,0.0,0.0,0.00014895864
14.0,50.0,119.98011800038554,0.120620385,1.578221,0.0007034503,6.0233884,0.00060921314,2.9173043,0.06012049,2.1675649,0.059027955,11.757575,0.0,8.156548,0.06022527,2.1657639,0.00012092252,2.1681252,0.0008903784,0.87864476,0.00025571027,1.131028,0.0,2.0921705,0.0,1.5383662,0.00015770321,0.13390645,0.000752595,0.3185137,0.0,0.22801945,0.0,0.04372846,0.0,0.14866625,9.5508265e-05,0.047590405,0.0,0.0,0.00023161533,0.058672152,6.505838e-05,0.0012920676,0.0,6.341035e-05,0.0,0.0,0.0,0.0,0.00014895864
14.5,50.0,119.98011800038554,0.12057657,1.5783598,0.0,6.0603733,0.0013382594,2.9727287,0.06012049,2.3197157,0.059242755,12.333997,0.0,8.581111,0.060177624,2.221593,0.00012092252,2.2262988,0.0015677065,0.87985784,0.00025571027,1.17317,0.0,2.1709847,0.00017636771,1.5978619,0.00038306136,0.13517895,0.0011209701,0.32508385,0.0,0.23349689,0.0,0.039188486,0.0,0.15265836,0.0006982606,0.04144407,0.0,4.6137386e-05,0.00023162075,0.058681816,6.915018e-05,0.002500114,0.0,0.0,0.0,0.0,0.0,0.0,0.00014895864
15.0,50.0,119.98011800038554,0.12053281,1.5784774,0.0,6.0970287,0.0016440259,3.0284383,0.06012049,2.445919,0.059392124,12.910485,0.0,9.008361,0.06013,2.2774057,0.00012092252,2.2845614,0.0022623874,0.8800489,0.00025571027,1.2150968,0.0,2.2498171,0.00043032318,1.6572071,0.0006084177,0.13664603,0.001777971,0.33129334,0.0,0.23934285,0.0,0.03459541,0.0,0.15682063,0.0013091705,0.035817236,0.0,0.00048459525,0.00039420405,0.05869139,0.0,0.0035174335,0.0,0.0,0.0,0.0,0.0,0.0,0.0001453787
15.5,50.0,119.98011800038554,0.120523274,1.5788069,0.0,6.135205,0.0017390611,3.084281,0.06012049,2.5565965,0.05951065,13.487009,0.0,9.437973,0.05999729,2.3332155,0.00012092252,2.3429646,0.0026948773,0.8801966,0.00025571027,1.2569983,0.0,2.32866,0.0007827497,1.7165633,0.0007841096,0.13831228,0.0022947546,0.3377669,0.0,0.24512286,0.0,0.029751973,0.0,0.16112882,0.0019138309,0.030429779,0.0,0.001066387,0.00059951795,0.058700964,0.0,0.0044723228,0.0,0.0,0.0,0.0,0.0,0.0,0.00013988448
16.0,50.0,119.98011800038554,0.120523274,1.5791647,0.0,6.1789336,0.0020033512,3.1401236,0.06012049,2.6523266,0.059172288,14.06353,0.0,9.867585,0.05982212,2.3890252,0.00012092252,2.4011781,0.0030189322,0.8803441,0.00025571027,1.2988976,0.0,2.407424,0.0011471302,1.7762128,0.0009905813,0.14020468,0.0027500002,0.3449542,0.0,0.25043115,0.00014327292,0.024003753,0.0,0.16547985,0.0019732376,0.02505385,0.0,0.0017132524,0.0008968805,0.058710534,0.0,0.005725798,0.0,0.0,0.0,0.0,0.0,0.0,0.00015961251
16.5,50.0,119.98011800038554,0.120523274,1.5795226,0.0,6.2228494,0.0023311307,3.1959665,0.06012049,2.748057,0.059062537,14.640053,0.0,10.29726,0.059632465,2.4448352,0.0014075042,2.459439,0.0031906695,0.8805099,0.00025571027,1.340773,0.0,2.4860792,0.0015115124,1.835945,0.0011829357,0.1421943,0.0031171534,0.35214144,0.0,0.25573942,0.0,0.017501896,0.0,0.16984408,0.0017003985,0.019685773,0.0,0.0023777767,0.001164156,0.058720175,0.0,0.0069382796,0.0,0.0,0.0,0.0,0.0,0.0,0.00051269226
17.0,50.0,119.98011800038554,0.120523274,1.5798831,0.0,6.2667866,0.0023078793,3.2518094,0.06012049,2.8225842,0.05912793,15.216584,0.0,10.726868,0.05944281,2.500645,0.0057744714,2.5176284,0.0033251029,0.8811438,0.00025571027,1.38243,0.0,2.5647213,0.0018522762,1.8956553,0.0013218997,0.14415817,0.0033402261,0.35927588,0.0,0.26104772,0.0,0.011171797,0.0,0.17422183,0.0013670675,0.013869135,0.0,0.0034848962,0.0011936257,0.05872986,0.0,0.008070213,0.0,0.0,0.0,0.0,0.0,0.0,0.00086856657
17.5,50.0,119.98011800038554,0.120523274,1.580245,0.0,6.310761,0.0021978286,3.307702,0.060129233,2.8633704,0.05918061,15.793125,0.0,11.156332,0.059253156,2.5564544,0.010725869,2.5758176,0.0031901004,0.8818228,0.00025571027,1.4226094,0.0,2.643792,0.002002274,1.9552727,0.0013609783,0.14612463,0.0038041174,0.36621594,0.0,0.26635596,0.0,0.0048964648,0.0,0.17859952,0.00105121,0.005906781,0.0,0.0052268766,0.0011668331,0.05873518,0.0,0.009009567,0.0,0.0,0.0,0.0,0.0,0.0,0.0011985097
18.0,50.0,119.98011800038554,0.120494105,1.579571,0.0,6.354778,0.001969093,3.3636096,0.06014064,2.9041567,0.05921527,16.36967,0.0,11.585794,0.0590635,2.611929,0.015846903,2.6340172,0.0031144999,0.8823788,0.00025571027,1.4627867,0.0,2.722917,0.002062358,2.0144737,0.0016657374,0.14798501,0.0043077325,0.373156,0.0,0.27166423,0.0,0.0,0.0,0.18298768,0.0007840573,0.0,0.0,0.0069440235,0.0009182111,0.058738094,0.0,0.010009501,0.0,0.0,0.0,0.0,0.0,0.0,0.0014706311
18.5,50.0,119.98011800038554,0.12045454,1.5777545,0.0,6.3987947,0.0011116365,3.4195936,0.060152046,2.941763,0.05917926,16.946308,0.0,12.015259,0.058873847,2.6673605,0.021204202,2.6922216,0.0030764586,0.8828543,0.0002631396,1.5029641,0.0,2.801215,0.0020924928,2.073675,0.0020142985,0.14968608,0.0046545174,0.3800959,0.0,0.27697256,0.0,0.0,0.0,0.18738116,0.00056675915,0.0,0.0,0.008583193,0.00053121755,0.058741003,0.0,0.011018574,0.0,0.0,0.0,0.0,0.0,8.160729e-06,0.0017312212
19.0,50.0,119.98011800038554,0.12041498,1.5759442,0.0,6.4428124,0.0,3.4756076,0.060165234,2.9702249,0.059132785,17.523125,0.0,12.444723,0.058654614,2.7227902,0.026561378,2.7504263,0.0031134824,0.88332975,0.00027163458,1.5431412,0.0,2.8785944,0.002140005,2.1328757,0.0023321777,0.15138716,0.0046623754,0.38703078,0.0,0.28228086,0.0,0.0,0.0,0.19177483,0.0003969817,0.0,0.0,0.011419666,0.00011850905,0.058743913,0.0,0.011893251,0.0,0.0,0.0,0.0,0.0,0.0,0.0020007812
19.5,50.0,119.98011800038554,0.12037542,1.5741725,0.0,6.487489,0.0,3.5308568,0.060175955,2.998687,0.059095718,18.099688,0.0,12.874189,0.058359697,2.7782047,0.03191859,2.8086302,0.0029903038,0.88384306,0.0002799053,1.5833187,0.0,2.9559746,0.0020681974,2.192077,0.0026961376,0.15307312,0.004685196,0.3939647,0.0,0.28758913,0.0,0.0,0.0,0.19612338,0.00027156962,0.0,0.0,0.014717829,0.0,0.058746826,0.0,0.012681603,0.0,0.0,0.0,0.0,0.0,0.0,0.0023114202
20.0,50.0,119.98011800038554,0.120335855,1.5724273,0.0,6.535112,0.0,3.5861065,0.06018184,3.027149,0.059053976,18.676249,0.0,13.303653,0.058065496,2.8336189,0.037113965,2.8668349,0.002806831,0.88419425,0.0002881759,1.6234958,0.0,3.0333548,0.0018322065,2.2512648,0.003128059,0.1547485,0.004718077,0.40084243,0.0,0.29289237,0.0,0.0,0.0,0.19952051,0.0003115261,0.0,0.0,0.017807404,0.0,0.05874973,0.0,0.013458636,0.0,0.0,0.0,0.0,0.0,9.926323e-05,0.002626888
20.5,50.0,119.98011800038554,0.1202963,1.5706816,0.0,6.5827346,0.0,3.6415062,0.06018568,3.0556111,0.05901115,19.252813,0.0,13.73312,0.05777384,2.8889015,0.042234544,2.925039,0.002623367,0.8844781,0.00029644652,1.66373,0.0,3.110734,0.0015967705,2.3104446,0.0034993629,0.1563908,0.0047564995,0.407686,0.0,0.2981776,0.0,0.0,0.0,0.2030529,0.00042168432,0.0,0.0,0.020870637,0.0,0.05875264,0.0,0.014227582,0.0,0.0,0.0,0.0,0.0,0.0004030005,0.0029631401
21.0,50.0,119.98011800038554,0.12025674,1.5689361,0.0,6.630325,0.0,3.6977656,0.06018424,3.0840733,0.059023544,19.829374,0.0,14.162584,0.057471886,2.944179,0.047374755,2.9832432,0.0024398824,0.8856038,0.00030471725,1.7040683,0.0,3.188114,0.0013567663,2.3696246,0.0038706826,0.15759012,0.004804953,0.41452962,0.0,0.30346513,0.0,0.0,0.0,0.20681536,0.00053344097,0.0,0.0,0.02548248,0.0,0.058759037,0.0,0.014968763,0.0,0.0,0.0,0.0,0.0,0.0010077027,0.003299391
21.5,50.0,119.98011800038554,0.12021717,1.5671906,0.0,6.677316,0.0,3.7540197,0.060182802,3.1125355,0.05987345,20.40594,0.0,14.592186,0.057172,2.9994566,0.052506544,3.0414474,0.0022564128,0.8846724,0.00021977184,1.7449225,0.0,3.2654936,0.0010799316,2.4288042,0.00422455,0.15878354,0.0048612426,0.4213757,0.0,0.3087594,0.0,0.0,0.0,0.21057771,0.00064523786,0.0,0.0,0.03187701,0.0,0.058777742,0.0,0.01572093,0.0,0.0,0.0,0.0,0.0,0.0016471208,0.0036008838
22.0,50.0,119.98011800038554,0.12017761,1.5642467,0.0,6.728419,0.0,3.810274,0.060181372,3.1409974,0.060723342,20.9825,0.0,15.01864,0.056872115,3.0547342,0.055715684,3.0994875,0.0022575862,0.8815248,0.0,1.7863818,0.0,3.342873,0.0007945393,2.4879844,0.0045463466,0.15997712,0.0049113715,0.42823297,0.0,0.31405354,0.0,0.0,0.0,0.21434008,0.0007570351,0.0,0.0,0.03831829,0.0,0.05879813,0.0,0.016463317,0.0,0.0,0.0,0.0,0.0,0.0024390726,0.0038176142
22.5,50.0,119.98011800038554,0.12013805,1.5611804,0.0,6.7795205,0.0,3.8665285,0.06017994,3.1689982,0.061573256,21.559063,0.0,15.440208,0.05657187,3.1100118,0.05702563,3.157135,0.0022835804,0.87872195,0.0,1.8278409,0.0,3.4202533,0.0004965361,2.547164,0.0049047396,0.16117069,0.004970662,0.43509382,0.0,0.31934786,0.0,0.0,0.0,0.2181025,0.0008125105,0.0,0.0,0.04428216,0.0,0.058818538,0.0,0.017157398,0.0,0.0,0.0,0.0,0.0,0.0030675794,0.0040380876
23.0,50.0,119.98011800038554,0.12009849,1.5581142,0.0,6.8314,0.0,3.9227827,0.060178503,3.1969204,0.06242392,22.135626,0.0,15.861744,0.05620998,3.1653056,0.058318228,3.214782,0.0023095708,0.8759902,0.0,1.8693002,0.0,3.497646,0.00019854312,2.6063442,0.005348357,0.16236427,0.005189399,0.44197375,0.0,0.32464197,0.0,0.0,0.0,0.22186492,0.00083262485,0.0,0.0,0.050327446,0.0,0.058838934,0.0,0.017851481,0.0,0.0,0.0,0.0,0.0,0.0036960535,0.004258556
23.5,50.0,119.98011800038554,0.1200592,1.555048,0.0,6.876784,0.0,3.979037,0.060152337,3.2248425,0.06327633,22.712187,0.0,16.283102,0.055837568,3.2206872,0.059511088,3.2724168,0.0023355621,0.8732586,0.0,1.9107594,0.0,3.5749333,0.0,2.6655238,0.0057961694,0.16355786,0.00547789,0.44885367,0.0,0.32993615,0.0,0.0,0.0,0.22562732,0.0008622169,0.0,0.0,0.051763464,0.0,0.05886089,0.0,0.018545574,0.0,0.0,0.0,0.0,0.0,0.004324268,0.004479019
24.0,50.0,119.98011800038554,0.12002016,1.5519818,0.0,6.918504,0.0,4.0352917,0.060120918,3.2527652,0.0641275,23.28875,0.0,16.704464,0.055455633,3.2760682,0.060719773,3.3300488,0.0023615386,0.8705269,0.0,1.9522188,0.0,3.6518502,0.0,2.7247038,0.0063493024,0.16475143,0.005775709,0.45565927,0.0,0.33523035,0.0,0.0,0.0,0.22951698,0.0009974292,0.0,0.0,0.051157303,0.0,0.05888303,0.0,0.01923966,0.0,0.0,0.0,0.0,0.0,0.0049505588,0.004699482
24.5,50.0,119.98011800038554,0.11998112,1.5489155,0.0,6.9602256,0.0,4.091546,0.060089983,3.2806876,0.064978674,23.865314,0.0,17.125824,0.055073723,3.3314497,0.06171306,3.3876808,0.0023875355,0.86779517,0.0,1.9936782,0.0,3.7287679,0.0,2.783895,0.0070314826,0.16594501,0.006073492,0.46228588,0.0,0.3405246,0.0,0.0,0.0,0.23362476,0.0012481465,0.0,0.0,0.050562784,0.0,0.058929782,0.0,0.019880971,0.0,0.0,0.0,0.0,0.0,0.0055797393,0.004919939
25.0,50.0,119.98011800038554,0.11994208,1.5458492,0.0,7.0019474,0.0,4.1478004,0.06005907,3.30861,0.06582985,24.441877,0.0,17.547188,0.054681927,3.386831,0.06173478,3.4453125,0.002413525,0.86504084,0.0,2.0351374,0.0,3.8056848,0.0,2.8431044,0.0078043947,0.16713859,0.0063713067,0.46891248,0.0,0.34581876,0.0,0.0,0.0,0.23773997,0.0015209259,0.0,0.0,0.049984597,0.0,0.058981664,0.0,0.020311957,0.0,0.0,0.0,0.0,0.0,0.0061086533,0.005141418
25.5,50.0,119.98011800038554,0.11987778,1.542783,0.0,7.043669,0.0,4.204055,0.06004166,3.3365319,0.066704765,25.018438,0.0,17.968548,0.05428509,3.442212,0.061743334,3.5029442,0.0024395275,0.862136,0.0,2.0765963,0.0,3.882603,0.0,2.9023132,0.008577306,0.16864581,0.0066690757,0.47553897,0.0,0.35111302,0.0,0.0,0.0,0.24015428,0.0017345631,0.0,0.0,0.049404617,0.0,0.059033547,0.0,0.02074295,0.0,0.0,0.0,0.0,0.0,0.006501833,0.0053735347
26.0,50.0,119.98011800038554,0.11972608,1.5397167,0.0,7.0919805,0.0,4.2603087,0.060031485,3.364454,0.06770957,25.595001,0.0,18.389908,0.05390557,3.497593,0.06175188,3.560576,0.0024655068,0.8592837,0.0,2.1180549,0.0,3.9595196,0.0,2.9615176,0.009350198,0.17021702,0.0069659334,0.4816022,0.0,0.35640717,0.0,0.0,0.0,0.24239519,0.0018430639,0.0,0.0,0.048824605,0.0,0.059085432,0.0,0.021179732,0.0,0.0,0.0,0.0,0.0,0.006801864,0.005605632
26.5,50.0,119.98011800038554,0.11957687,1.5366504,0.0,7.1405716,0.0,4.316563,0.060022138,3.392376,0.06871443,26.171564,0.0,18.811268,0.053542525,3.5529745,0.06176044,3.618208,0.0024914972,0.8562146,0.0,2.1595147,0.0,4.036438,0.0,3.0206735,0.010108601,0.17180932,0.0073328563,0.48760688,0.0,0.36170143,0.0,0.0,0.0,0.24458371,0.0019516181,0.0,0.0,0.0482446,0.0,0.05919,0.0,0.021617308,0.0,0.0,0.0,0.0,0.0,0.007024136,0.0058377604
27.0,50.0,119.98011800038554,0.11947595,1.5335844,0.0,7.1891637,0.0,4.3727236,0.059961036,3.4202983,0.06971925,26.748127,0.0,19.23263,0.053179495,3.6083558,0.06176898,3.6758394,0.0025174941,0.8531301,0.0,2.200974,0.0,4.1133547,0.0,3.079963,0.010803321,0.17340161,0.007678045,0.4936105,0.0,0.36599377,0.0,0.0,0.0,0.24677224,0.0020607598,0.0,0.0,0.047664624,0.0,0.05938423,0.0,0.021911643,0.0,0.0,0.0,0.0,0.0,0.0072464217,0.0060698553
27.5,50.0,119.98011800038554,0.119557366,1.530518,0.0,7.2377543,0.0,4.428851,0.05989351,3.4482362,0.07072411,27.324686,0.0,19.653988,0.052834272,3.6637366,0.061777532,3.7334714,0.0025429956,0.85000515,0.0,2.2424328,0.0,4.1902714,0.0,3.1403015,0.011512019,0.17499392,0.007961081,0.49961334,0.0,0.37010753,0.0,0.0,0.0,0.24896081,0.0021305426,0.0,0.0,0.047047865,0.0,0.059578467,0.0,0.021987127,0.0,0.0,0.0,0.0,0.0,0.0074687046,0.006301961
28.0,50.0,119.98011800038554,0.11966026,1.5267899,0.0,7.286346,0.0,4.484979,0.059832763,3.4761884,0.07172894,27.901249,0.0,20.075352,0.052499942,3.7191184,0.061786085,3.7911031,0.0025684151,0.8466593,0.0,2.2838926,0.0,4.2671895,0.0,3.2006404,0.012277647,0.17658621,0.008102777,0.5056161,0.0,0.37422135,0.0,0.0,0.0,0.2511493,0.0021928267,0.0,0.0,0.046296258,0.0,0.059772704,0.0,0.022063108,0.0,0.0,0.0,0.0,0.0,0.007690984,0.0065587973
28.5,50.0,119.98011800038554,0.1197532,1.5228283,0.0,7.3349366,0.0,4.5411067,0.059735633,3.5041409,0.07274255,28.477812,0.0,20.496712,0.052212883,3.7744994,0.061794627,3.8487356,0.002593829,0.8433136,0.0,2.325351,0.0,4.3441067,0.0,3.2609794,0.013043186,0.17817849,0.008244435,0.51161903,0.0,0.37833562,0.0,0.0,0.0,0.25333786,0.002254803,0.0,0.0,0.045413256,0.0,0.05996693,0.0,0.02214496,0.0,0.0,0.0,0.0,0.0,0.007919213,0.006880477
29.0,50.0,119.98011800038554,0.11984615,1.5188669,0.0,7.3835297,0.0,4.5972342,0.05957159,3.532094,0.073783785,29.054377,0.0,20.918074,0.051944926,3.8298812,0.061813682,3.9063683,0.0026192635,0.83994436,0.0,2.3668108,0.0,4.421024,0.0,3.321318,0.0138088465,0.17977078,0.008386086,0.5176218,0.0,0.3824491,0.0,0.0,0.0,0.25552642,0.0023168707,0.0,0.0,0.044540297,0.0,0.060171288,0.0,0.022227166,0.0,0.0,0.0,0.0,0.0,0.008181295,0.0072021717
29.5,50.0,119.98011800038554,0.119939096,1.5149055,0.0,7.4361067,0.0,4.653362,0.059407532,3.5600464,0.074825,29.630938,0.0,21.339426,0.05167697,3.8852618,0.06185952,3.9640028,0.0026446588,0.8376164,0.0,2.40827,0.0,4.496902,0.0,3.3816571,0.014574483,0.18136308,0.008527764,0.52362466,0.0,0.386563,0.0,0.0,0.0,0.25787413,0.002379084,0.0,0.0,0.043746863,0.0,0.06037609,0.0,0.022309365,0.0,0.0,0.0,0.0,0.0,0.0084433975,0.007523864
30.0,50.0,119.98011800038554,0.120006874,1.5109441,0.0,7.4906526,0.0,4.7094903,0.059243493,3.5879993,0.075867064,30.2075,0.0,21.760769,0.05140901,3.940643,0.06190119,4.0216365,0.0026733342,0.8384881,0.0,2.4497285,0.0,4.572375,0.0,3.4417849,0.015340681,0.18295538,0.008669458,0.52962744,0.0,0.39067698,0.0,0.0,0.0,0.2602802,0.0024449248,0.0,0.0,0.043222394,0.0,0.06058088,0.0,0.022391567,0.0,0.0,0.0,0.0,0.0,0.008705493,0.0078455545
30.5,50.0,119.98011800038554,0.11992183,1.5074732,0.0,7.5452003,0.0,4.7656174,0.05907944,3.6159515,0.07691043,30.784061,0.0,22.182108,0.05124729,3.9960244,0.061942868,4.079271,0.0027091175,0.8393644,0.0,2.4912448,0.0,4.6478477,0.0,3.5013876,0.016113577,0.18454766,0.008811172,0.5356304,0.0,0.39479074,0.0,0.0,0.0,0.26268637,0.002515702,0.0,0.0,0.042694394,0.0,0.06078567,0.0,0.02247377,0.0,0.0,0.0,0.0,0.0,0.008967579,0.008167252
31.0,50.0,119.98011800038554,0.11983004,1.5041189,0.0,7.599747,0.0,4.8217454,0.05891539,3.6439042,0.077953786,31.360628,0.0,22.60345,0.05107171,4.051406,0.062027797,4.1369076,0.0027448933,0.84024066,0.0,2.5328145,0.0,4.723321,0.0,3.56099,0.016886555,0.18613997,0.008952833,0.5416331,0.0,0.39890462,0.0,0.0,0.0,0.2650925,0.0025861599,0.0,0.0,0.04216392,0.0,0.060990468,0.0,0.022555958,0.0,0.0,0.0,0.0,0.0,0.009133486,0.008488209
31.5,50.0,119.98011800038554,0.1197192,1.5005088,0.0,7.6542935,0.0,4.877873,0.058751345,3.6718569,0.07899715,31.93719,0.0,23.024792,0.05081079,4.106787,0.062242348,4.1945453,0.0027806542,0.84111696,0.0,2.5740933,0.0,4.798889,0.0,3.6205919,0.017659472,0.18773228,0.0090944795,0.54763603,0.0,0.4030186,0.0,0.0,0.0,0.2674986,0.0026568184,0.0,0.0,0.041633435,0.0,0.06119525,0.0,0.022638163,0.0,0.0,0.0,0.0,0.0,0.00928436,0.008803437
32.0,50.0,119.98011800038554,0.119594984,1.4968231,0.0,7.7088337,0.0,4.9340005,0.058602147,3.6998098,0.08005325,32.513752,0.0,23.446133,0.050549876,4.162168,0.062456902,4.2521834,0.0028164617,0.8419932,0.0,2.61516,0.0,4.8745923,0.0,3.6801934,0.018430749,0.18932456,0.009199836,0.5536388,0.0,0.40713263,0.0,0.0,0.0,0.26990473,0.0027274487,0.0,0.0,0.041041505,0.0,0.061324522,0.0,0.022720376,0.0,0.0,0.0,0.0,0.0,0.009460358,0.009118671
32.5,50.0,119.98011800038554,0.11942905,1.4931672,0.0,7.7633247,0.0,4.990128,0.05848851,3.7277625,0.081128545,33.090313,0.0,23.867476,0.05028895,4.2175493,0.06267148,4.309821,0.0028427436,0.8428694,0.0,2.656227,0.0,4.950295,0.0,3.7397947,0.019200314,0.19091685,0.00926876,0.5596416,0.0,0.41124624,0.0,0.0,0.0,0.27231082,0.0027981047,0.0,0.0,0.04042266,0.0,0.06140325,0.0,0.022802575,0.0,0.0,0.0,0.0,0.0,0.009636363,0.0094338935
33.0,50.0,119.98011800038554,0.11923861,1.4895116,0.0,7.8178153,0.0,5.0462556,0.05837759,3.7557144,0.082202785,33.66691,0.0,24.288813,0.050028026,4.272931,0.0628901,4.3670874,0.0028599899,0.8437457,0.0,2.6972942,0.0,5.025997,0.0,3.7993956,0.019969994,0.1924988,0.009337698,0.5656445,0.0,0.41536033,0.0,0.0,0.0,0.2747169,0.002868871,0.0,0.0,0.039803877,0.0,0.06148197,0.0,0.02288477,0.0,0.0,0.0,0.0,0.0,0.009812332,0.009749113
33.5,50.0,119.98011800038554,0.11901256,1.4858558,0.0,7.872027,0.0,5.102383,0.05826752,3.783667,0.083276875,34.24365,0.0,24.71016,0.04976711,4.328312,0.06311077,4.424312,0.0028772566,0.8446219,0.0,2.738361,0.0,5.1016994,0.0,3.8589964,0.0207395,0.19407034,0.00940661,0.5716472,0.0,0.419474,0.0,0.0,0.0,0.2771231,0.0029394736,0.0,0.0,0.03918511,0.0,0.061560694,0.0,0.022966973,0.0,0.0,0.0,0.0,0.0,0.009987576,0.010064355
34.0,50.0,119.98011800038554,0.118796155,1.4822004,0.0,7.9253635,0.0,5.158511,0.058157817,3.8102365,0.08435096,34.820393,0.0,25.131496,0.049505163,4.3836937,0.06333147,4.4818234,0.002893672,0.8454982,0.0,2.7794285,0.0,5.177402,0.0,3.9185967,0.021509113,0.19565234,0.009475482,0.57765007,0.0,0.42358804,0.0,0.0,0.0,0.27952918,0.0030099344,0.0,0.0,0.03856634,0.0,0.06163941,0.0,0.023039665,0.0,0.0,0.0,0.0,0.0,0.010152587,0.010525244
34.5,50.0,119.98011800038554,0.11865474,1.4785447,0.0,7.9790645,0.0,5.214638,0.05804809,3.836668,0.085425034,35.397137,0.0,25.552841,0.049242664,4.4390745,0.063518174,4.5397077,0.002905742,0.8463745,0.0,2.8204956,0.0,5.2532973,0.0,3.9781976,0.022168508,0.19723435,0.009544425,0.5836529,0.0,0.42770192,0.0,0.0,0.0,0.28212342,0.0030806607,0.0,0.0,0.037947524,0.0,0.061718147,0.0,0.022947885,0.0,0.0,0.0,0.0,0.0,0.010317598,0.011037015
35.0,50.0,119.98011800038554,0.11851358,1.4748892,0.0,8.026518,0.0,5.2707663,0.057921395,3.8630996,0.08649912,35.973877,0.0,25.974182,0.048980176,4.494456,0.06361889,4.597605,0.0029177915,0.8446478,0.0,2.8615623,0.0,5.329277,0.0,4.037798,0.022815706,0.19859524,0.009613286,0.58965576,0.0,0.43181556,0.0,0.0,0.00014213471,0.28482336,0.0031513188,0.0,0.0,0.03730633,0.0,0.06179687,0.0,0.022856114,0.0,0.0,0.0,0.0,0.0,0.010482593,0.011548805
35.5,50.0,119.98011800038554,0.118372925,1.4712336,0.0,8.073744,0.0,5.326894,0.05779272,3.8895314,0.08757319,36.550617,0.0,26.395527,0.048630714,4.549837,0.06369697,4.655503,0.0029299192,0.84209,0.0,2.9026291,0.0,5.4052577,0.0,4.097399,0.023463031,0.19978085,0.009707655,0.59565866,0.0,0.43592957,0.0,0.0,0.00029109954,0.2875145,0.0032220639,0.0,0.0,0.036660563,0.0,0.06187358,0.0,0.022764347,0.0,0.0,0.0,0.0,0.0,0.010647603,0.012060574
36.0,50.0,119.98011800038554,0.11823227,1.4676275,0.0,8.120967,0.0,5.383022,0.05766127,3.915963,0.08870769,37.12736,0.0,26.816864,0.048262175,4.605529,0.06377369,4.7134004,0.0029420003,0.83971584,0.0,2.943696,0.0,5.48124,0.0,4.1569996,0.024110196,0.20096645,0.009904305,0.60166144,0.0,0.4400437,0.0,0.0,0.00044007925,0.29020572,0.003292634,0.0,8.012724e-05,0.03601483,0.0,0.061944053,0.0,0.022672558,0.0,0.0,0.0,0.0,0.0,0.010803671,0.0125723835
36.5,50.0,119.98011800038554,0.11809162,1.4640956,0.0,8.168192,0.0,5.4396687,0.057526134,3.9423943,0.08999124,37.704105,0.0,27.238203,0.047884934,4.661462,0.06384808,4.771298,0.0029540963,0.8375087,0.0,2.9847631,0.0,5.557219,0.0,4.216601,0.024757436,0.20215207,0.010101064,0.6076643,0.0,0.44415733,0.0,0.0,0.0005661256,0.29289693,0.0033632873,0.0,0.0002950439,0.035369072,0.0,0.06201451,8.23637e-05,0.022580775,0.0,0.0,0.0,0.0,0.0,0.010955811,0.013094886
37.0,50.0,119.98011800038554,0.11795096,1.4605637,0.0,8.215415,0.0,5.496371,0.057391003,3.968827,0.09127483,38.280853,0.0,27.659546,0.04748217,4.7174177,0.06392191,4.829196,0.0029661886,0.83530146,0.0,3.02583,0.0,5.6331997,0.0,4.2762012,0.025404604,0.20333767,0.010297817,0.61366713,0.0,0.44827116,0.0,0.0,0.00068395445,0.29558817,0.0034338373,0.0,0.00050473213,0.034880612,0.0,0.062084984,0.00020417557,0.022489004,0.0,0.0,0.0,0.0,0.0,0.011107933,0.013717444
37.5,50.0,119.98011800038554,0.11781031,1.4570317,0.0,8.26264,0.0,5.5530725,0.057210766,3.995258,0.09255895,38.857594,0.0,28.08089,0.04719071,4.773373,0.063995756,4.887094,0.0029782958,0.833094,0.0,3.0668972,0.0,5.7091804,0.0,4.335802,0.02605189,0.20401241,0.010494568,0.6196699,0.0,0.45238516,0.0,0.0,0.00085470406,0.29827935,0.0035044763,0.0,0.0007143542,0.03441302,0.0,0.062155444,0.0003259879,0.022397215,0.0,0.0,0.0,0.0,0.0,0.011260034,0.014340007
38.0,50.0,119.98011800038554,0.11768266,1.4550053,0.0,8.309865,0.0,5.6097746,0.0570113,4.0216904,0.09384307,39.434334,0.0,28.50223,0.047092818,4.8293295,0.06408453,4.944991,0.0029903452,0.83088684,0.0,3.1079497,0.0,5.785162,0.0,4.395402,0.026699038,0.20454466,0.010691277,0.6256727,0.0,0.4564991,0.0,0.0,0.0010254809,0.30097058,0.0035751627,0.0,0.0009240415,0.03394545,0.0,0.062280048,0.00044787754,0.022303773,0.0,0.0,0.0,0.0,0.0,0.011412159,0.014962529
38.5,50.0,119.98011800038554,0.11756049,1.4536487,0.0,8.357088,0.0,5.6664762,0.05681183,4.048121,0.095127195,40.01108,0.0,28.92357,0.046994913,4.885285,0.06420146,5.0028887,0.0030024934,0.8286796,0.0,3.1489596,0.0,5.861142,0.0,4.4550037,0.027346442,0.20507687,0.010888058,0.6316756,0.0,0.46061265,0.0,0.0,0.0011962599,0.3036618,0.0036457947,0.0,0.0011337027,0.03347783,0.0,0.062436424,0.0005696964,0.02220721,0.0,0.0,0.0,0.0,0.0,0.011569871,0.015585118
39.0,50.0,119.98011800038554,0.11743831,1.4522922,0.0,8.404312,0.0,5.7231784,0.05661237,4.074553,0.09641133,40.587826,0.0,29.344917,0.04689218,4.9412403,0.06441194,5.0607867,0.003014556,0.8257344,0.0,3.1899693,0.0,5.937124,0.0,4.5146036,0.02799391,0.20560911,0.0110847065,0.6373466,0.0,0.46472666,0.0,0.0,0.0013670321,0.306353,0.0037163862,0.0,0.00134339,0.03301025,0.0,0.06259278,0.00069148827,0.022110661,0.0,0.0,0.0,0.0,0.0,0.011769435,0.016207695
39.5,50.0,119.98011800038554,0.117316134,1.4509356,0.0,8.451535,0.0,5.7798805,0.056413494,4.1009846,0.097695455,41.164566,0.0,29.766258,0.0467881,4.997196,0.064815,5.1186843,0.003026663,0.82327586,0.0,3.2309785,0.0,6.013103,0.0,4.5742044,0.028641429,0.20614135,0.011281519,0.6430015,0.0,0.46884078,0.0,0.0,0.0015377996,0.30904418,0.003787032,0.0,0.0015530698,0.032542635,0.0,0.06274914,0.00081335136,0.022014111,0.0,0.0,0.0,0.0,0.0,0.011966513,0.016826248
40.0,50.0,119.98011800038554,0.11719395,1.4495791,0.0,8.49876,0.0,5.836576,0.056243584,4.127416,0.098979555,41.741306,0.0,30.187595,0.046700478,5.0531526,0.06521805,5.176582,0.0030387219,0.82206875,0.0,3.2719884,0.0,6.0890837,0.0,4.6338053,0.029288895,0.20667355,0.011478228,0.6486559,0.0,0.472955,0.0,0.0,0.001708582,0.3117354,0.003857753,0.0,0.0017626975,0.03207506,0.0,0.06290549,0.0009351423,0.021917548,0.0,0.0,0.0,0.0,0.0,0.012142357,0.017436296
40.5,50.0,119.98011800038554,0.11707178,1.4482226,0.0,8.545985,0.0,5.893272,0.056073666,4.1538477,0.10023315,42.31805,0.0,30.608936,0.046615317,5.109109,0.06562111,5.23448,0.0030508477,0.82086164,0.0,3.3129983,0.0,6.165066,0.0,4.693405,0.029932218,0.20720579,0.011674956,0.6543106,0.0,0.4770687,0.0,0.0,0.0018793577,0.31442654,0.003928344,0.0,0.0019724388,0.03160742,0.0,0.06306183,0.0010570319,0.021820989,0.0,0.0,0.0,0.0,0.0,0.0123182405,0.018046346
41.0,50.0,119.98011800038554,0.11697358,1.446866,0.0,8.593209,0.0,5.949968,0.055882864,4.1802793,0.10146381,42.89479,0.0,31.030277,0.046370845,5.1650643,0.06600984,5.2923665,0.0030628915,0.81965464,0.0,3.3540077,0.0,6.2410455,0.0,4.753006,0.030568397,0.20773801,0.01187167,0.6599651,0.0,0.4811781,0.0,0.0,0.0020501253,0.31711775,0.003999175,0.0,0.0021820236,0.031136073,0.0,0.063218206,0.0011787846,0.021724453,0.0,0.0,0.0,0.0,0.0,0.01248993,0.018656377
41.5,50.0,119.98011800038554,0.116879396,1.4455094,0.0,8.640434,0.0,6.0066633,0.05568807,4.206712,0.10269451,43.47153,0.0,31.451618,0.046130747,5.221059,0.06639814,5.3498244,0.0030750136,0.8184476,0.0,3.3950167,0.0,6.317027,0.0,4.812607,0.031204298,0.20827027,0.012068457,0.66561973,0.0,0.48528516,0.0,0.0,0.0022208975,0.31980893,0.0040696585,0.0,0.0023916624,0.030659465,0.0,0.063374564,0.0013006356,0.021639263,0.0,0.0,0.0,0.0,0.0,0.0126029225,0.0192664
42.0,50.0,119.98011800038554,0.1167852,1.444153,0.0,8.687658,0.0,6.063359,0.055489987,4.2331433,0.10392523,44.048275,0.0,31.872961,0.045940492,5.2770567,0.066786475,5.4072814,0.0030870799,0.8172406,0.0,3.4360263,0.0,6.3930063,0.0,4.872207,0.031840317,0.20880246,0.012265178,0.6712744,0.0,0.48939276,0.0,0.0,0.0023916503,0.32250014,0.0041401456,0.0,0.0026013814,0.030211223,0.0,0.06353092,0.0014225038,0.021577572,0.0,0.0,0.0,0.0,0.0,0.012715884,0.019832812
42.5,50.0,119.98011800038554,0.11669095,1.4427965,0.0,8.734882,0.0,6.1200547,0.055245265,4.2595744,0.1051559,44.62502,0.0,32.294304,0.045750245,5.333054,0.067178816,5.4645376,0.0030991684,0.81603354,0.0,3.477036,0.0,6.468987,0.0,4.9318085,0.03247631,0.20933472,0.012462019,0.67692906,0.0,0.49350023,0.0,0.0,0.0025624433,0.32519138,0.004210917,0.0,0.002811065,0.029774122,0.0,0.06368728,0.0015508671,0.021515882,0.0,0.0,0.0,0.0,0.0,0.012828845,0.020383928
43.0,50.0,119.98011800038554,0.1165967,1.4414399,0.0,8.782107,0.0,6.176751,0.054857872,4.286006,0.106386624,45.201763,1.0125994e-05,32.71564,0.04556,5.389052,0.06757163,5.5214887,0.0031112644,0.8151483,0.0,3.5180454,0.0,6.544966,0.0,4.9914083,0.03311234,0.20986693,0.012679844,0.6825837,0.0,0.4976075,0.0,0.0,0.002733211,0.32788253,0.004281577,0.0,0.0030207299,0.029337099,0.0,0.06384364,0.0016881226,0.02145419,0.0,0.0,0.0,0.0,0.0,0.012941823,0.020934979
43.5,50.0,119.98011800038554,0.11646876,1.4400834,0.0,8.8293295,0.0,6.2334466,0.05446455,4.312437,0.10761732,45.778507,3.0998795e-05,33.136986,0.04536975,5.4448323,0.067964464,5.578439,0.0031233195,0.8144141,0.0,3.5590556,0.0,6.6209483,0.0,5.051009,0.033739053,0.21039915,0.012936302,0.6882383,0.0,0.50171447,0.0,0.0,0.0029039802,0.3305737,0.0043521863,0.0,0.0032304097,0.02890008,0.0,0.06394444,0.0018263588,0.021392526,0.0,0.0,0.0,0.0,0.0,0.013054801,0.021486057
44.0,50.0,119.98011800038554,0.116331786,1.4387447,0.0,8.876554,0.0,6.290142,0.054069184,4.3388696,0.10884796,46.355247,5.1752388e-05,33.558327,0.04517951,5.4999266,0.068356596,5.6353908,0.0031354192,0.8136797,0.0,3.6000645,0.0,6.6969295,0.0,5.11061,0.034358747,0.21093138,0.013192809,0.69389296,0.0,0.5058219,0.0,0.0,0.003074748,0.33326498,0.004422841,0.0,0.0034400895,0.02846301,0.0,0.06408322,0.001964675,0.021330839,0.0,0.0,0.0,0.0,0.0,0.013167757,0.022037221
44.5,50.0,119.98011800038554,0.116194814,1.4382219,0.0,8.9237795,0.0,6.3468375,0.053682763,4.365302,0.110078685,46.93199,7.259911e-05,33.979668,0.044989254,5.5550203,0.06873388,5.692342,0.0031475339,0.8129455,0.0,3.6410742,0.0,6.7729096,0.0,5.170211,0.034971975,0.21146362,0.013449303,0.6995475,0.0,0.5099287,0.0,0.0,0.0032455288,0.33595613,0.004493373,0.0,0.0036496986,0.028025923,0.0,0.06422199,0.0020580941,0.021298232,0.0,0.0,0.0,0.0,0.0,0.013280739,0.02258824
45.0,50.0,119.98011800038554,0.116047524,1.4376993,0.0,8.971004,0.0,6.4035215,0.05329845,4.391733,0.11130933,47.50873,9.339368e-05,34.400955,0.04479901,5.6101136,0.06911116,5.7492914,0.003159589,0.8122111,0.0,3.682084,0.0,6.848889,0.0,5.2298107,0.03558058,0.21199585,0.013705774,0.7052022,0.0,0.5140359,0.0,0.0,0.003416319,0.3386474,0.0045643165,0.0,0.0038594212,0.02758886,0.0,0.06436078,0.0021120429,0.021276921,0.0,0.0,0.0,0.0,0.0,0.013393724,0.02313929
45.5,50.0,119.98011800038554,0.115905024,1.4371765,0.0,9.018228,0.0,6.460204,0.052914124,4.4181647,0.11254005,48.085476,0.0001141808,34.822254,0.044608757,5.665207,0.069518656,5.806243,0.0031717222,0.8114768,0.0,3.7230935,0.0,6.924871,0.0,5.2894115,0.036189307,0.21252808,0.013962208,0.7108566,0.0,0.51814324,0.0,0.0,0.0035871193,0.34133855,0.00463473,0.0,0.004069099,0.027151737,0.0,0.06449955,0.0021852686,0.021255612,0.0,0.0,0.0,0.0,0.0,0.013506668,0.023690375
46.0,50.0,119.98011800038554,0.11576255,1.4366536,0.0,9.065452,0.0,6.516886,0.05253823,4.4445963,0.11377069,48.66222,0.00013493812,35.24355,0.04441852,5.7203016,0.06991733,5.863194,0.0031837288,0.8107425,0.0,3.7641037,0.0,7.000852,0.0,5.3490124,0.036797747,0.21306029,0.014218747,0.7165113,0.0,0.52223605,0.0,0.0,0.0037578363,0.34402987,0.0047051883,0.0,0.004278723,0.02671474,0.0,0.06463834,0.002266667,0.021234298,0.0,0.0,0.0,0.0,0.0,0.013619663,0.024241494
46.5,50.0,119.98011800038554,0.11562006,1.4361309,0.0,9.112676,0.0,6.5735693,0.052182462,4.4710283,0.11500147,49.238964,0.00015574759,35.66484,0.04422827,5.775395,0.07028308,5.920144,0.0031958807,0.8080275,0.0,3.8051128,0.0,7.0768323,0.0,5.408613,0.037406396,0.21359253,0.014475237,0.72216606,0.0,0.52628696,0.0,0.0,0.0039216736,0.34672096,0.0047760117,0.0,0.004488446,0.026277648,0.0,0.064777106,0.0023480693,0.021229113,0.0,0.0,0.0,0.0,0.0,0.013732615,0.024792574
47.0,50.0,119.98011800038554,0.11550338,1.435608,0.0,9.159898,0.0,6.6302514,0.051826686,4.4974585,0.11546442,49.8157,0.00017667627,36.086136,0.044038016,5.830489,0.0704072,5.9770956,0.003207999,0.80493253,0.0,3.8461225,0.0,7.1528125,0.0,5.468214,0.038014956,0.21412477,0.0147316335,0.7278207,0.0,0.5303377,0.0,0.0,0.0040741423,0.34941217,0.0048466544,0.0,0.0046980847,0.025840383,0.0,0.06491589,0.0024294478,0.021257019,0.0,0.0,0.0,0.0,0.0,0.013845602,0.025343644
47.5,50.0,119.98011800038554,0.11556496,1.4350853,0.0,9.207116,0.0,6.686934,0.051354352,4.52389,0.11489116,50.392445,0.00019486314,36.50743,0.043848105,5.885582,0.07037887,6.034046,0.003220069,0.8028995,0.0,3.8871324,0.0,7.2287936,0.0,5.5278144,0.038623646,0.21465696,0.0149882035,0.73347527,0.0,0.5343881,0.0,0.0,0.004226575,0.35202196,0.004917418,0.0,0.004907774,0.025403174,0.0,0.06505468,0.0025108268,0.021284904,0.0,0.0,0.0,0.0,0.0,0.013958559,0.025894742
48.0,50.0,119.98011800038554,0.11567266,1.4345626,0.0,9.254334,0.0,6.7436166,0.050807655,4.5503225,0.11431788,50.96919,0.0002033717,36.92873,0.043659505,5.9406767,0.07039945,6.0909967,0.0032321576,0.80094796,0.0,3.9281247,0.0,7.304774,0.0,5.5874157,0.03923217,0.21518922,0.015244729,0.7391299,0.0,0.5384385,0.0,0.0,0.004381392,0.3541736,0.004961467,0.0,0.005117381,0.024966478,0.0,0.06519345,0.0025922426,0.021312805,0.0,0.0,0.0,0.0,0.0,0.014071555,0.026445815
48.5,50.0,119.98011800038554,0.11578038,1.4340398,0.0,9.301553,0.0,6.800298,0.050260954,4.576754,0.11374451,51.545933,0.00021170145,37.350014,0.043470886,5.9957695,0.07044908,6.1479473,0.003244317,0.7990244,0.0,3.968577,0.0,7.3807535,0.0,5.647015,0.039840862,0.21572143,0.015501075,0.7447845,0.0,0.54248923,0.0,0.0,0.004522725,0.35632518,0.00496175,0.0,0.005327115,0.0245319,0.0,0.06533222,0.0026811913,0.021340704,0.0,0.0,0.0,0.0,0.0,0.0141844945,0.02699685
49.0,50.0,119.98011800038554,0.1158881,1.433517,0.0,9.348772,0.0,6.856981,0.049714237,4.6031857,0.11317114,52.122677,0.00022020256,37.77131,0.043282278,6.0508633,0.07049875,6.2048984,0.0032562825,0.7971008,0.0,4.0088005,0.0,7.456734,0.0,5.7066164,0.040449332,0.21625367,0.015760053,0.74995935,0.0,0.5465399,0.0,0.0,0.0046432596,0.35847688,0.0049585593,0.0,0.0055366643,0.024097258,0.0,0.06547102,0.0027712688,0.02136857,0.0,0.0,0.0,0.0,0.0,0.014297498,0.02754797
49.5,50.0,119.98011800038554,0.115994394,1.4330317,0.0,9.396049,0.0,6.9136634,0.04916753,4.6296167,0.11259785,52.699417,0.00022858447,38.192608,0.043093666,6.1059566,0.070548326,6.26185,0.0032626751,0.79517746,0.0,4.0490255,0.0,7.5327144,0.0,5.7659225,0.041057866,0.2167859,0.016026117,0.75461674,0.0,0.55059046,0.0,0.0,0.004763916,0.36062837,0.004948351,0.0,0.0057464354,0.023662683,0.0,0.0656098,0.0028612248,0.021396473,0.0,0.0,0.0,0.0,0.0,0.014410481,0.028099082
50.0,50.0,119.98011800038554,0.11607266,1.4329381,0.0,9.443347,0.0,6.970346,0.04862582,4.6560497,0.112024516,53.27616,0.00023695892,38.613903,0.042905062,6.1610518,0.07059799,6.3188004,0.0032361697,0.7932539,0.0,4.089249,0.0,7.608691,0.0,5.824992,0.04166662,0.2173181,0.016292356,0.759274,0.0,0.55464125,0.0,0.0,0.0048844097,0.36277997,0.0049381997,0.0,0.0059561636,0.023270372,0.0,0.06574856,0.0029513438,0.021424359,0.0,0.0,0.0,0.0,0.0,0.014523445,0.028650142
